0,0,0,0,0,0,0,0,0,0,0,0,0,0,0,0,0,0,0,0,0,0,0,0,0.25,1,1,1,1,1,1,1,1,1,1,1,1,1,1,1,1,1,1,1,1,1,1,1,1,1,1,1,1,1,1,1,1,1,1,1,1,1,1,1,1,1,1,1,1,1,1,1,1,1,0.25,0,0,0,0,0,0,0,0,0,0,0,0,0,0,0,0,0,0,0,0,0,0,0,0,0
0,0,0,0,0,0,0,0,0,0,0,0,0,0,0,0,0,0,0,0,0,0,0,0,0.241091,0.916343,1.0169,1.00078,0.999889,1,1,1,1,1,1,1,1,1,1,1,1,1,1,1,1,1,1,1,1,1,1,1,1,1,1,1,1,1,1,1,1,1,1,1,1,1,1,1,1,1,1,1,1,1,0.324761,0.00023858,1.04656e-11,0,0,0,0,0,0,0,0,0,0,0,0,0,0,0,0,0,0,0,0,0,0,0.00198663
0,0,0,0,0,0,0,0,0,0,0,0,0,0,0,0,0,0,0,0,0,0,0,0,0.232891,0.843323,1.02162,1.00381,0.999627,0.99997,1,1,1,1,1,1,1,1,1,1,1,1,1,1,1,1,1,1,1,1,1,1,1,1,1,1,1,1,1,1,1,1,1,1,1,1,1,1,1,1,1,1,1,1,0.397488,0.00126565,1.55771e-09,1.50753e-22,4.89033e-52,0,0,0,0,0,0,0,0,0,0,0,0,0,0,0,0,0,0,0,0,0.00495739
0,0,0,0,0,0,0,0,0,0,0,0,0,0,0,0,0,0,0,0,0,0,0,0,0.225226,0.778694,1.01738,1.00691,0.999705,0.99991,1.00001,1,1,1,1,1,1,1,1,1,1,1,1,1,1,1,1,1,1,1,1,1,1,1,1,1,1,1,1,1,1,1,1,1,1,1,1,1,1,1,1,1,1,1,0.468559,0.00360784,2.6208e-08,1.96895e-19,2.47706e-43,2.07646e-95,2.29937e-213,0,0,0,0,0,0,0,0,0,0,0,0,0,0,0,0,0,0,0.00793182
0,0,0,0,0,0,0,0,0,0,0,0,0,0,0,0,0,0,0,0,0,0,0,0,0.21798,0.720925,1.00641,1.00859,1.00032,0.999891,0.999997,1,1,1,1,1,1,1,1,1,1,1,1,1,1,1,1,1,1,1,1,1,1,1,1,1,1,1,1,1,1,1,1,1,1,1,1,1,1,1,1,1,1,1,0.538087,0.00779824,1.90302e-07,2.28932e-17,2.35554e-38,6.1468e-83,1.53258e-178,0,0,0,0,0,0,0,0,0,0,0,0,0,0,0,0,0,0,0.0109277
0,0,0,0,0,0,0,0,0,0,0,0,0,0,0,0,0,0,0,0,0,0,0,0,0.211089,0.669089,0.982678,1.01517,1.00202,0.999733,0.999972,1,1,1,1,1,1,1,1,1,1,1,1,1,1,1,1,1,1,1,1,1,1,1,1,1,1,1,1,1,1,1,1,1,1,1,1,1,1,1,1,1,1,1,0.603699,0.016547,9.41122e-07,8.27834e-16,8.43052e-35,1.18555e-74,1.2864e-158,0,0,0,0,0,0,0,0,0,0,0,0,0,0,0,0,0,0,0.0139192
0,0,0,0,0,0,0,0,0,0,0,0,0,0,0,0,0,0,0,0,0,0,0,0,0.204624,0.623484,0.954413,1.01921,1.00453,0.999677,0.999927,1.00001,1,1,1,1,1,1,1,1,1,1,1,1,1,1,1,1,1,1,1,1,1,1,1,1,1,1,1,1,1,1,1,1,1,1,1,1,1,1,1,1,1,1,0.662696,0.0314255,4.11334e-06,1.88913e-14,5.98123e-32,2.1032e-68,2.07231e-144,8.09453e-304,0,0,0,0,0,0,0,0,0,0,0,0,0,0,0,0,0,0.0168963
0,0,0,0,0,0,0,0,0,0,0,0,0,0,0,0,0,0,0,0,0,0,0,0,0.19853,0.583195,0.923161,1.02035,1.00731,0.999856,0.999886,1,1,1,1,1,1,1,1,1,1,1,1,1,1,1,1,1,1,1,1,1,1,1,1,1,1,1,1,1,1,1,1,1,1,1,1,1,1,1,1,1,1,1,0.714931,0.0527667,1.47101e-05,3.17543e-13,2.40653e-29,5.82032e-63,5.20434e-133,7.92234e-279,0,0,0,0,0,0,0,0,0,0,0,0,0,0,0,0,0,0.0198673
0,0,0,0,0,0,0,0,0,0,0,0,0,0,0,0,0,0,0,0,0,0,0,0,0.192762,0.547435,0.890089,1.01846,1.00982,1.00047,0.999757,0.999984,1,1,1,1,1,1,1,1,1,1,1,1,1,1,1,1,1,1,1,1,1,1,1,1,1,1,1,1,1,1,1,1,1,1,1,1,1,1,1,1,1,1,0.760626,0.0805479,4.29741e-05,3.61441e-12,4.77404e-27,4.86961e-58,1.36347e-122,4.63097e-257,0,0,0,0,0,0,0,0,0,0,0,0,0,0,0,0,0,0.0228408
0,0,0,0,0,0,0,0,0,0,0,0,0,0,0,0,0,0,0,0,0,0,0,0,0.187277,0.515544,0.856074,1.01361,1.01141,1.00167,0.999619,0.999939,1.00001,1,1,1,1,1,1,1,1,1,1,1,1,1,1,1,1,1,1,1,1,1,1,1,1,1,1,1,1,1,1,1,1,1,1,1,1,1,1,1,1,1,0.800211,0.11454,0.000106482,2.87609e-11,4.4868e-25,8.96813e-54,2.14105e-113,2.28184e-237,0,0,0,0,0,0,0,0,0,0,0,0,0,0,0,0,0,0.0258257
0,0,0,0,0,0,0,0,0,0,0,0,0,0,0,0,0,0,0,0,0,0,0,0,0.182041,0.487743,0.821001,1.00311,1.01435,1.00339,0.999626,0.999881,1.00001,1,1,1,1,1,1,1,1,1,1,1,1,1,1,1,1,1,1,1,1,1,1,1,1,1,1,1,1,1,1,1,1,1,1,1,1,1,1,1,1,1,0.834218,0.154526,0.000106482,1.21979e-10,2.23378e-23,4.09794e-50,1.72315e-105,2.6632e-220,0,0,0,0,0,0,0,0,0,0,0,0,0,0,0,0,0,0.0288139
0,0,0,0,0,0,0,0,0,0,0,0,0,0,0,0,0,0,0,0,0,0,0,0,0.177068,0.463522,0.786161,0.987776,1.01752,1.00556,0.999763,0.999836,0.999999,1,1,1,1,1,1,1,1,1,1,1,1,1,1,1,1,1,1,1,1,1,1,1,1,1,1,1,1,1,1,1,1,1,1,1,1,1,1,1,1,1,0.86299,0.199693,0.000106488,2.1513e-10,1.91343e-22,2.32032e-47,1.08536e-98,1.15917e-205,0,0,0,0,0,0,0,0,0,0,0,0,0,0,0,0,0,0.0317951
0,0,0,0,0,0,0,0,0,0,0,0,0,0,0,0,0,0,0,0,0,0,0,0,0.172352,0.442186,0.752462,0.969417,1.01925,1.00794,1.00019,0.999726,0.999972,1.00001,1,1,1,1,1,1,1,1,1,1,1,1,1,1,1,1,1,1,1,1,1,1,1,1,1,1,1,1,1,1,1,1,1,1,1,1,1,1,1,1,0.887091,0.249229,0.00017835,3.23475e-10,6.48329e-22,6.74189e-46,8.42874e-95,1.19696e-194,0,0,0,0,0,0,0,0,0,0,0,0,0,0,0,0,0,0.0347699
0,0,0,0,0,0,0,0,0,0,0,0,0,0,0,0,0,0,0,0,0,0,0,0,0.167869,0.423161,0.720313,0.948569,1.0193,1.01023,1.00095,0.999592,0.999924,1.00001,1,1,1,1,1,1,1,1,1,1,1,1,1,1,1,1,1,1,1,1,1,1,1,1,1,1,1,1,1,1,1,1,1,1,1,1,1,1,1,1,0.907189,0.302362,0.000530145,7.96878e-10,1.85048e-21,6.56947e-45,1.93722e-92,9.56016e-189,0,0,0,0,0,0,0,0,0,0,0,0,0,0,0,0,0,0.0377428
0,0,0,0,0,0,0,0,0,0,0,0,0,0,0,0,0,0,0,0,0,0,0,0,0.163598,0.406018,0.689906,0.925765,1.01752,1.01207,1.00208,0.999516,0.999861,1.00001,1,1,1,1,1,1,1,1,1,1,1,1,1,1,1,1,1,1,1,1,1,1,1,1,1,1,1,1,1,1,1,1,1,1,1,1,1,1,1,1,0.923893,0.358335,0.00143405,4.87951e-09,1.68929e-20,8.57953e-44,1.51512e-90,1.0331e-184,0,0,0,0,0,0,0,0,0,0,0,0,0,0,0,0,0,0.0407192
0,0,0,0,0,0,0,0,0,0,0,0,0,0,0,0,0,0,0,0,0,0,0,0,0.159517,0.390433,0.661297,0.901499,1.01386,1.01301,1.00366,0.999557,0.999797,0.999999,1,1,1,1,1,1,1,1,1,1,1,1,1,1,1,1,1,1,1,1,1,1,1,1,1,1,1,1,1,1,1,1,1,1,1,1,1,1,1,1,0.937737,0.416416,0.00321746,3.12854e-08,6.83135e-19,3.74806e-41,4.10532e-87,2.55606e-180,0,0,0,0,0,0,0,0,0,0,0,0,0,0,0,0,0,0.0437045
0,0,0,0,0,0,0,0,0,0,0,0,0,0,0,0,0,0,0,0,0,0,0,0,0.155608,0.376152,0.634463,0.876206,1.00627,1.015,1.00543,0.999776,0.999756,0.999975,1.00001,1,1,1,1,1,1,1,1,1,1,1,1,1,1,1,1,1,1,1,1,1,1,1,1,1,1,1,1,1,1,1,1,1,1,1,1,1,1,1,0.949186,0.475903,0.00625625,1.52874e-07,2.28617e-17,6.3356e-38,9.49493e-81,8.13485e-170,0,0,0,0,0,0,0,0,0,0,0,0,0,0,0,0,0,0.0466912
0,0,0,0,0,0,0,0,0,0,0,0,0,0,0,0,0,0,0,0,0,0,0,0,0.151879,0.363061,0.609496,0.850562,0.995304,1.0172,1.00741,1.00028,0.999624,0.999932,1.00001,1,1,1,1,1,1,1,1,1,1,1,1,1,1,1,1,1,1,1,1,1,1,1,1,1,1,1,1,1,1,1,1,1,1,1,1,1,1,1,0.958576,0.535323,0.0113369,5.82933e-07,4.56834e-16,4.27508e-35,1.22234e-74,6.61639e-157,0,0,0,0,0,0,0,0,0,0,0,0,0,0,0,0,0,0.0496724
0,0,0,0,0,0,0,0,0,0,0,0,0,0,0,0,0,0,0,0,0,0,0,0,0.148322,0.351014,0.586329,0.824987,0.98212,1.01839,1.00946,1.001,0.999523,0.999872,1.00001,1,1,1,1,1,1,1,1,1,1,1,1,1,1,1,1,1,1,1,1,1,1,1,1,1,1,1,1,1,1,1,1,1,1,1,1,1,1,1,0.966253,0.591934,0.0207797,2.02514e-06,6.14932e-15,1.10862e-32,2.05507e-69,1.36712e-145,9.09228e-304,0,0,0,0,0,0,0,0,0,0,0,0,0,0,0,0,0.0526491
0,0,0,0,0,0,0,0,0,0,0,0,0,0,0,0,0,0,0,0,0,0,0,0,0.144924,0.339871,0.565068,0.799517,0.966976,1.01842,1.01136,1.00197,0.999475,0.999805,1,1,1,1,1,1,1,1,1,1,1,1,1,1,1,1,1,1,1,1,1,1,1,1,1,1,1,1,1,1,1,1,1,1,1,1,1,1,1,1,0.972525,0.644743,0.0353396,6.68078e-06,7.33192e-14,1.75369e-30,7.15183e-65,6.20619e-136,7.23925e-283,0,0,0,0,0,0,0,0,0,0,0,0,0,0,0,0,0.0556247
0,0,0,0,0,0,0,0,0,0,0,0,0,0,0,0,0,0,0,0,0,0,0,0,0.141671,0.329513,0.54556,0.7744,0.950112,1.01717,1.01277,1.0033,0.999515,0.999741,0.999984,1.00001,1,1,1,1,1,1,1,1,1,1,1,1,1,1,1,1,1,1,1,1,1,1,1,1,1,1,1,1,1,1,1,1,1,1,1,1,1,1,0.977648,0.69316,0.0554307,1.9553e-05,7.50474e-13,2.23968e-28,1.47855e-60,3.90431e-127,1.06182e-264,0,0,0,0,0,0,0,0,0,0,0,0,0,0,0,0,0.0586026
0,0,0,0,0,0,0,0,0,0,0,0,0,0,0,0,0,0,0,0,0,0,0,0,0.13855,0.319844,0.527533,0.749933,0.931787,1.01457,1.01354,1.0049,0.999689,0.999702,0.999952,1.00001,1,1,1,1,1,1,1,1,1,1,1,1,1,1,1,1,1,1,1,1,1,1,1,1,1,1,1,1,1,1,1,1,1,1,1,1,1,1,0.981832,0.736899,0.0812112,5.0107e-05,6.06396e-12,1.93512e-26,1.70961e-56,1.04721e-118,1.94692e-247,0,0,0,0,0,0,0,0,0,0,0,0,0,0,0,0,0.0615868
0,0,0,0,0,0,0,0,0,0,0,0,0,0,0,0,0,0,0,0,0,0,0,0,0.13555,0.31078,0.510775,0.726295,0.912273,1.00909,1.01506,1.0066,1.00013,0.999613,0.999907,1.00001,1,1,1,1,1,1,1,1,1,1,1,1,1,1,1,1,1,1,1,1,1,1,1,1,1,1,1,1,1,1,1,1,1,1,1,1,1,1,0.985248,0.775913,0.11264,0.000114021,3.84222e-11,1.03664e-24,7.9931e-53,5.95032e-111,3.50736e-231,0,0,0,0,0,0,0,0,0,0,0,0,0,0,0,0,0.0645727
0,0,0,0,0,0,0,0,0,0,0,0,0,0,0,0,0,0,0,0,0,0,0,0,0.132674,0.302287,0.495185,0.703685,0.892022,1.00103,1.01676,1.00841,1.00078,0.999514,0.999849,1.00001,1.00001,1,1,1,1,1,1,1,1,1,1,1,1,1,1,1,1,1,1,1,1,1,1,1,1,1,1,1,1,1,1,1,1,1,1,1,1,1,0.988025,0.81018,0.149483,0.000114021,1.45155e-10,3.50471e-23,1.44068e-49,4.99571e-104,1.67417e-216,0,0,0,0,0,0,0,0,0,0,0,0,0,0,0,0,0.0675547
0,0,0,0,0,0,0,0,0,0,0,0,0,0,0,0,0,0,0,0,0,0,0,0,0.129916,0.294317,0.480649,0.682185,0.871364,0.99117,1.01774,1.01023,1.00162,0.999464,0.999783,0.999995,1.00001,1,1,1,1,1,1,1,1,1,1,1,1,1,1,1,1,1,1,1,1,1,1,1,1,1,1,1,1,1,1,1,1,1,1,1,1,1,0.990279,0.839933,0.191241,0.000114021,2.51711e-10,2.70972e-22,5.03628e-47,6.69825e-98,1.75999e-203,0,0,0,0,0,0,0,0,0,0,0,0,0,0,0,0,0.0705331
0,0,0,0,0,0,0,0,0,0,0,0,0,0,0,0,0,0,0,0,0,0,0,0,0.12727,0.286814,0.467043,0.661792,0.850545,0.979657,1.01787,1.01181,1.00274,0.999484,0.99972,0.999975,1.00001,1,1,1,1,1,1,1,1,1,1,1,1,1,1,1,1,1,1,1,1,1,1,1,1,1,1,1,1,1,1,1,1,1,1,1,1,1,0.992109,0.865558,0.237424,0.000169054,3.7016e-10,8.94142e-22,1.3264e-45,3.50262e-94,2.66711e-193,0,0,0,0,0,0,0,0,0,0,0,0,0,0,0,0,0.0735104
0,0,0,0,0,0,0,0,0,0,0,0,0,0,0,0,0,0,0,0,0,0,0,0,0.124726,0.279731,0.454266,0.642474,0.82977,0.966649,1.01706,1.01302,1.00412,0.999608,0.999676,0.999942,1.00001,1,1,1,1,1,1,1,1,1,1,1,1,1,1,1,1,1,1,1,1,1,1,1,1,1,1,1,1,1,1,1,1,1,1,1,1,1,0.993595,0.88748,0.287413,0.000454288,7.61878e-10,2.36426e-21,1.22846e-44,7.2326e-92,1.45178e-187,0,0,0,0,0,0,0,0,0,0,0,0,0,0,0,0,0.0764891
0,0,0,0,0,0,0,0,0,0,0,0,0,0,0,0,0,0,0,0,0,0,0,0,0.122277,0.273023,0.442226,0.6242,0.809186,0.952326,1.01521,1.01375,1.00566,0.999946,0.999591,0.999894,1.00001,1.00001,1,1,1,1,1,1,1,1,1,1,1,1,1,1,1,1,1,1,1,1,1,1,1,1,1,1,1,1,1,1,1,1,1,1,1,1,0.994804,0.906129,0.340545,0.00120668,3.71367e-09,1.35473e-20,1.12761e-43,4.63084e-90,1.29665e-183,0,0,0,0,0,0,0,0,0,0,0,0,0,0,0,0,0.0794721
0,0,0,0,0,0,0,0,0,0,0,0,0,0,0,0,0,0,0,0,0,0,0,0,0.119914,0.266653,0.430847,0.607061,0.788776,0.936864,1.01228,1.01391,1.00727,1.00051,0.999493,0.999834,1.00001,1.00001,1,1,1,1,1,1,1,1,1,1,1,1,1,1,1,1,1,1,1,1,1,1,1,1,1,1,1,1,1,1,1,1,1,1,1,1,0.995786,0.92192,0.396137,0.00271814,2.24772e-08,3.7555e-19,1.50066e-41,2.1087e-87,8.56411e-180,0,0,0,0,0,0,0,0,0,0,0,0,0,0,0,0,0.0824596
0,0,0,0,0,0,0,0,0,0,0,0,0,0,0,0,0,0,0,0,0,0,0,0,0.117636,0.260597,0.420081,0.590945,0.768761,0.920474,1.00618,1.01554,1.00877,1.00128,0.999441,0.999766,0.999994,1.00001,1,1,1,1,1,1,1,1,1,1,1,1,1,1,1,1,1,1,1,1,1,1,1,1,1,1,1,1,1,1,1,1,1,1,1,1,0.996584,0.935215,0.453407,0.00532476,1.09608e-07,1.17592e-17,1.73682e-38,8.83469e-82,2.1e-171,0,0,0,0,0,0,0,0,0,0,0,0,0,0,0,0,0.0854451
0,0,0,0,0,0,0,0,0,0,0,0,0,0,0,0,0,0,0,0,0,0,0,0,0.115444,0.254846,0.409907,0.575784,0.749347,0.903478,0.998586,1.01661,1.01025,1.00222,0.999454,0.999701,0.999971,1.00001,1,1,1,1,1,1,1,1,1,1,1,1,1,1,1,1,1,1,1,1,1,1,1,1,1,1,1,1,1,1,1,1,1,1,1,1,0.99723,0.946333,0.511437,0.00938344,4.22411e-07,2.36267e-16,1.12873e-35,8.56948e-76,3.73232e-159,0,0,0,0,0,0,0,0,0,0,0,0,0,0,0,0,0.088427
0,0,0,0,0,0,0,0,0,0,0,0,0,0,0,0,0,0,0,0,0,0,0,0,0.113333,0.249374,0.40027,0.561474,0.730614,0.886073,0.989571,1.01703,1.0116,1.00334,0.999549,0.999653,0.999936,1.00002,1.00001,1,1,1,1,1,1,1,1,1,1,1,1,1,1,1,1,1,1,1,1,1,1,1,1,1,1,1,1,1,1,1,1,1,1,1,0.997754,0.955605,0.567656,0.0171429,1.4051e-06,3.12631e-15,3.02681e-33,1.46997e-70,6.65514e-148,2.20027e-308,0,0,0,0,0,0,0,0,0,0,0,0,0,0,0,0.0914069
0,0,0,0,0,0,0,0,0,0,0,0,0,0,0,0,0,0,0,0,0,0,0,0,0.111296,0.244156,0.391122,0.547928,0.712601,0.868437,0.979233,1.01669,1.0127,1.00463,0.999743,0.999641,0.999888,1.00001,1.00001,1,1,1,1,1,1,1,1,1,1,1,1,1,1,1,1,1,1,1,1,1,1,1,1,1,1,1,1,1,1,1,1,1,1,1,0.998178,0.963322,0.620776,0.0296212,4.60328e-06,3.51521e-14,4.26123e-31,4.85064e-66,3.46064e-138,1.90267e-287,0,0,0,0,0,0,0,0,0,0,0,0,0,0,0,0.0943871
0,0,0,0,0,0,0,0,0,0,0,0,0,0,0,0,0,0,0,0,0,0,0,0,0.109328,0.239169,0.382418,0.53507,0.695319,0.850725,0.967689,1.01553,1.01346,1.00605,1.00019,0.999537,0.999836,1.00001,1.00001,1,1,1,1,1,1,1,1,1,1,1,1,1,1,1,1,1,1,1,1,1,1,1,1,1,1,1,1,1,1,1,1,1,1,1,0.998523,0.969736,0.670058,0.0473408,1.37535e-05,3.60982e-13,5.11113e-29,7.94963e-62,1.37139e-129,2.25836e-269,0,0,0,0,0,0,0,0,0,0,0,0,0,0,0,0.09737
0,0,0,0,0,0,0,0,0,0,0,0,0,0,0,0,0,0,0,0,0,0,0,0,0.107426,0.234394,0.374118,0.522835,0.678757,0.833067,0.955069,1.01348,1.01378,1.00751,1.0008,0.999466,0.999775,0.999992,1.00001,1,1,1,1,1,1,1,1,1,1,1,1,1,1,1,1,1,1,1,1,1,1,1,1,1,1,1,1,1,1,1,1,1,1,1,0.998802,0.975058,0.715063,0.0705646,3.62773e-05,3.04321e-12,4.62851e-27,9.15848e-58,2.85593e-121,1.63494e-252,0,0,0,0,0,0,0,0,0,0,0,0,0,0,0,0.100357
0,0,0,0,0,0,0,0,0,0,0,0,0,0,0,0,0,0,0,0,0,0,0,0,0.105584,0.229814,0.36619,0.511168,0.662898,0.815575,0.941527,1.00895,1.01514,1.0089,1.0016,0.999446,0.999712,0.99997,1.00002,1,1,1,1,1,1,1,1,1,1,1,1,1,1,1,1,1,1,1,1,1,1,1,1,1,1,1,1,1,1,1,1,1,1,1,0.99903,0.97947,0.755589,0.099332,8.49226e-05,2.03252e-11,2.72287e-25,4.99306e-54,1.94785e-113,2.8953e-236,0,0,0,0,0,0,0,0,0,0,0,0,0,0,0,0.103344
0,0,0,0,0,0,0,0,0,0,0,0,0,0,0,0,0,0,0,0,0,0,0,0,0.103805,0.225429,0.358629,0.500063,0.647846,0.79833,0.927318,1.00314,1.01611,1.01026,1.00257,0.999496,0.999658,0.999939,1.00002,1.00001,1,1,1,1,1,1,1,1,1,1,1,1,1,1,1,1,1,1,1,1,1,1,1,1,1,1,1,1,1,1,1,1,1,1,0.999213,0.983108,0.791509,0.133444,0.000112037,1.08755e-10,1.0185e-23,1.09759e-50,2.36536e-106,2.54836e-221,0,0,0,0,0,0,0,0,0,0,0,0,0,0,0,0.106327
0,0,0,0,0,0,0,0,0,0,0,0,0,0,0,0,0,0,0,0,0,0,0,0,0.102086,0.221226,0.351408,0.489475,0.633565,0.781407,0.912588,0.996098,1.01659,1.0115,1.00368,0.999629,0.999631,0.999895,1.00002,1.00001,1,1,1,1,1,1,1,1,1,1,1,1,1,1,1,1,1,1,1,1,1,1,1,1,1,1,1,1,1,1,1,1,1,1,0.999362,0.986108,0.823014,0.172602,0.000112037,2.11699e-10,1.54432e-22,1.01788e-47,4.74715e-100,5.93861e-208,0,0,0,0,0,0,0,0,0,0,0,0,0,0,0,0.109308
0,0,0,0,0,0,0,0,0,0,0,0,0,0,0,0,0,0,0,0,0,0,0,0,0.100423,0.217189,0.3445,0.479365,0.619975,0.764902,0.897478,0.987878,1.01649,1.01254,1.00493,0.999932,0.999563,0.999845,1.00001,1.00001,1,1,1,1,1,1,1,1,1,1,1,1,1,1,1,1,1,1,1,1,1,1,1,1,1,1,1,1,1,1,1,1,1,1,0.999483,0.98858,0.850402,0.216382,0.000127401,3.15956e-10,6.076e-22,4.9433e-46,3.13072e-95,4.39463e-196,0,0,0,0,0,0,0,0,0,0,0,0,0,0,0,0.112289
0,0,0,0,0,0,0,0,0,0,0,0,0,0,0,0,0,0,0,0,0,0,0,0,0.0988114,0.213307,0.337879,0.469693,0.607008,0.748872,0.882119,0.978555,1.01574,1.01331,1.00626,1.00041,0.999483,0.999787,0.999994,1.00001,1,1,1,1,1,1,1,1,1,1,1,1,1,1,1,1,1,1,1,1,1,1,1,1,1,1,1,1,1,1,1,1,1,1,0.999581,0.990616,0.874032,0.26424,0.000288781,5.07484e-10,1.58995e-21,5.73948e-45,1.30486e-92,2.67371e-189,0,0,0,0,0,0,0,0,0,0,0,0,0,0,0,0.115272
0,0,0,0,0,0,0,0,0,0,0,0,0,0,0,0,0,0,0,0,0,0,0,0,0.0972492,0.209568,0.331524,0.460426,0.594607,0.733348,0.866631,0.96822,1.01427,1.01373,1.00764,1.00104,0.999441,0.999724,0.999974,1.00002,1.00001,1,1,1,1,1,1,1,1,1,1,1,1,1,1,1,1,1,1,1,1,1,1,1,1,1,1,1,1,1,1,1,1,1,0.99966,0.992294,0.894288,0.31555,0.000803329,1.7274e-09,5.25341e-21,4.14418e-44,9.78751e-91,5.86468e-185,0,0,0,0,0,0,0,0,0,0,0,0,0,0,0,0.118258
0,0,0,0,0,0,0,0,0,0,0,0,0,0,0,0,0,0,0,0,0,0,0,0,0.0957327,0.205961,0.325414,0.451531,0.582723,0.718344,0.851118,0.95697,1.01122,1.01457,1.00891,1.00187,0.999449,0.999665,0.999946,1.00002,1.00001,1,1,1,1,1,1,1,1,1,1,1,1,1,1,1,1,1,1,1,1,1,1,1,1,1,1,1,1,1,1,1,1,1,0.999724,0.993676,0.911559,0.369646,0.00193452,1.0423e-08,8.03245e-20,1.10429e-42,8.06947e-89,1.79536e-181,0,0,0,0,0,0,0,0,0,0,0,0,0,0,0,0.121245
0,0,0,0,0,0,0,0,0,0,0,0,0,0,0,0,0,0,0,0,0,0,0,0,0.0942625,0.202485,0.319544,0.443001,0.57134,0.703891,0.83571,0.944997,1.00671,1.01552,1.01014,1.00284,0.999532,0.999624,0.999906,1.00002,1.00001,1,1,1,1,1,1,1,1,1,1,1,1,1,1,1,1,1,1,1,1,1,1,1,1,1,1,1,1,1,1,1,1,1,0.999777,0.994811,0.92618,0.425703,0.00399098,5.59985e-08,2.71715e-18,8.00191e-40,1.93241e-84,6.40417e-176,0,0,0,0,0,0,0,0,0,0,0,0,0,0,0,0.12423
0,0,0,0,0,0,0,0,0,0,0,0,0,0,0,0,0,0,0,0,0,0,0,0,0.0928376,0.199135,0.313903,0.434818,0.560432,0.689996,0.820497,0.932445,1.00112,1.01609,1.01129,1.00393,0.999698,0.999613,0.999856,1.00001,1.00001,1,0.999999,1,1,1,1,1,1,1,1,1,1,1,1,1,1,1,1,1,1,1,1,1,1,1,1,1,1,1,1,1,1,1,0.999819,0.995743,0.938499,0.48294,0.00731504,2.35948e-07,6.55309e-17,7.18877e-37,2.4131e-78,1.68185e-164,0,0,0,0,0,0,0,0,0,0,0,0,0,0,0,0.127213
0,0,0,0,0,0,0,0,0,0,0,0,0,0,0,0,0,0,0,0,0,0,0,0,0.0914553,0.195902,0.308476,0.426958,0.549965,0.676705,0.805476,0.919435,0.99449,1.0162,1.01228,1.00512,1.00007,0.999522,0.999804,0.999999,1.00001,1,1,1,1,1,1,1,1,1,1,1,1,1,1,1,1,1,1,1,1,1,1,1,1,1,1,1,1,1,1,1,1,1,0.999853,0.996508,0.948846,0.539828,0.0130927,8.21025e-07,1.01664e-15,2.71643e-34,8.50072e-73,1.09503e-152,1.38556e-318,0,0,0,0,0,0,0,0,0,0,0,0,0,0,0.130195
0,0,0,0,0,0,0,0,0,0,0,0,0,0,0,0,0,0,0,0,0,0,0,0,0.0901132,0.192778,0.303247,0.419397,0.539907,0.663977,0.790719,0.906076,0.986863,1.01578,1.01306,1.00637,1.00057,0.99946,0.999745,0.99998,1.00002,1.00001,1,1,1,1,1,1,1,1,1,1,1,1,1,1,1,1,1,1,1,1,1,1,1,1,1,1,1,1,1,1,1,1,0.999881,0.997136,0.957514,0.594207,0.0231928,2.71013e-06,1.19532e-14,4.7791e-32,5.26345e-68,2.24303e-142,2.13311e-296,0,0,0,0,0,0,0,0,0,0,0,0,0,0,0.133178
0,0,0,0,0,0,0,0,0,0,0,0,0,0,0,0,0,0,0,0,0,0,0,0,0.0888089,0.189757,0.298203,0.412115,0.530229,0.65176,0.776288,0.892468,0.978299,1.01477,1.01356,1.00766,1.00121,0.999437,0.999685,0.999955,1.00002,1.00001,1,1,1,1,1,1,1,1,1,1,1,1,1,1,1,1,1,1,1,1,1,1,1,1,1,1,1,1,1,1,1,1,0.999903,0.997652,0.96476,0.645166,0.0382777,8.424e-06,1.27689e-13,6.05253e-30,1.05801e-63,2.16975e-133,3.13929e-277,0,0,0,0,0,0,0,0,0,0,0,0,0,0,0.136163
0,0,0,0,0,0,0,0,0,0,0,0,0,0,0,0,0,0,0,0,0,0,0,0,0.0875402,0.186831,0.29333,0.405092,0.520906,0.640008,0.762222,0.878708,0.968872,1.01313,1.01373,1.00887,1.00203,0.999466,0.999634,0.99992,1.00002,1.00001,1,0.999999,1,1,1,1,1,1,1,1,1,1,1,1,1,1,1,1,1,1,1,1,1,1,1,1,1,1,1,1,1,1,0.999922,0.998075,0.970807,0.692115,0.0587328,2.33914e-05,1.16905e-12,6.1811e-28,1.41647e-59,5.62212e-125,5.14079e-260,0,0,0,0,0,0,0,0,0,0,0,0,0,0,0.139151
0,0,0,0,0,0,0,0,0,0,0,0,0,0,0,0,0,0,0,0,0,0,0,0,0.0863055,0.183995,0.288621,0.398313,0.511916,0.62869,0.74855,0.86489,0.958678,1.00963,1.01472,1.00992,1.00303,0.99957,0.999605,0.999875,1.00001,1.00001,1,0.999999,1,1,1,1,1,1,1,1,1,1,1,1,1,1,1,1,1,1,1,1,1,1,1,1,1,1,1,1,1,1,0.999937,0.998423,0.975843,0.734708,0.0846914,5.75127e-05,8.58679e-12,4.33831e-26,1.05383e-55,6.17067e-117,1.65683e-243,0,0,0,0,0,0,0,0,0,0,0,0,0,0,0.142139
0,0,0,0,0,0,0,0,0,0,0,0,0,0,0,0,0,0,0,0,0,0,0,0,0.0851061,0.181251,0.284074,0.391779,0.503259,0.617802,0.735315,0.851126,0.947877,1.00518,1.01541,1.01095,1.00409,0.999823,0.999542,0.999823,1.00001,1.00001,1,1,1,1,1,1,1,1,1,1,1,1,1,1,1,1,1,1,1,1,1,1,1,1,1,1,1,1,1,1,1,1,0.999949,0.998708,0.980022,0.772753,0.116013,0.000126561,5.02836e-11,1.94917e-24,3.34497e-52,1.5137e-109,5.06219e-228,0,0,0,0,0,0,0,0,0,0,0,0,0,0,0.145124
0,0,0,0,0,0,0,0,0,0,0,0,0,0,0,0,0,0,0,0,0,0,0,0,0.0839399,0.178594,0.279681,0.385475,0.494914,0.607313,0.722515,0.83748,0.936574,0.999794,1.01573,1.01188,1.00521,1.00022,0.999471,0.999764,0.999989,1.00002,1.00001,1,1,1,1,1,1,1,1,1,1,1,1,1,1,1,1,1,1,1,1,1,1,1,1,1,1,1,1,1,1,1,0.999958,0.998941,0.983487,0.806355,0.152565,0.000126561,1.81739e-10,5.7315e-23,4.40803e-49,6.29974e-103,5.13092e-214,0,0,0,0,0,0,0,0,0,0,0,0,0,0,0.148107
0,0,0,0,0,0,0,0,0,0,0,0,0,0,0,0,0,0,0,0,0,0,0,0,0.0828054,0.176017,0.275432,0.379385,0.48686,0.597197,0.710151,0.824,0.924868,0.993502,1.01561,1.01266,1.00638,1.00073,0.99943,0.999703,0.999966,1.00002,1.00001,1,1,1,1,1,1,1,1,1,1,1,1,1,1,1,1,1,1,1,1,1,1,1,1,1,1,1,1,1,1,1,0.999966,0.999133,0.986358,0.835744,0.193944,0.000126825,3.13154e-10,4.25878e-22,1.2865e-46,4.86344e-97,1.54808e-201,0,0,0,0,0,0,0,0,0,0,0,0,0,0,0.151091
0,0,0,0,0,0,0,0,0,0,0,0,0,0,0,0,0,0,0,0,0,0,0,0,0.0817007,0.173517,0.271317,0.373496,0.47908,0.587431,0.698253,0.810684,0.91285,0.986345,1.015,1.01323,1.00757,1.00136,0.999429,0.999645,0.999936,1.00002,1.00001,1,0.999999,1,1,1,1,1,1,1,1,1,1,1,1,1,1,1,1,1,1,1,1,1,1,1,1,1,1,1,1,1,0.999973,0.999289,0.988735,0.861236,0.239692,0.000193977,4.63058e-10,1.39184e-21,3.26005e-45,2.18059e-93,1.1452e-191,0,0,0,0,0,0,0,0,0,0,0,0,0,0,0.154076
0,0,0,0,0,0,0,0,0,0,0,0,0,0,0,0,0,0,0,0,0,0,0,0,0.0806243,0.171088,0.267329,0.367795,0.471554,0.57799,0.686784,0.797591,0.900601,0.978375,1.01385,1.01353,1.0087,1.00217,0.999481,0.999603,0.999894,1.00002,1.00001,1,0.999999,1,1,1,1,1,1,1,1,1,1,1,1,1,1,1,1,1,1,1,1,1,1,1,1,1,1,1,1,1,0.999978,0.999418,0.990703,0.883192,0.289216,0.000503651,9.70864e-10,3.73231e-21,2.99905e-44,4.32479e-91,5.36376e-186,0,0,0,0,0,0,0,0,0,0,0,0,0,0,0.157064
0,0,0,0,0,0,0,0,0,0,0,0,0,0,0,0,0,0,0,0,0,0,0,0,0.0795744,0.168726,0.263458,0.36227,0.464268,0.568855,0.675706,0.784763,0.888197,0.969654,1.01149,1.01417,1.00969,1.00313,0.999602,0.999584,0.999843,1.00001,1.00001,1,0.999999,1,1,1,1,1,1,1,1,1,1,1,1,1,1,1,1,1,1,1,1,1,1,1,1,1,1,1,1,1,0.999982,0.999524,0.992332,0.901987,0.341871,0.00129067,4.51801e-09,2.15214e-20,2.86667e-43,2.83515e-89,4.64987e-182,0,0,0,0,0,0,0,0,0,0,0,0,0,0,0.160052
0,0,0,0,0,0,0,0,0,0,0,0,0,0,0,0,0,0,0,0,0,0,0,0,0.0785516,0.166432,0.259706,0.35692,0.457218,0.560024,0.66501,0.772252,0.875735,0.960309,1.00799,1.01489,1.01065,1.00416,0.999901,0.999502,0.999789,0.999996,1.00002,1.00001,1,1,1,1,1,1,1,1,1,1,1,1,1,1,1,1,1,1,1,1,1,1,1,1,1,1,1,1,1,1,0.999985,0.99961,0.993677,0.917963,0.396862,0.00283991,2.56635e-08,5.29138e-19,3.43978e-41,1.35039e-86,3.54089e-178,0,0,0,0,0,0,0,0,0,0,0,0,0,0,0.163039
0,0,0,0,0,0,0,0,0,0,0,0,0,0,0,0,0,0,0,0,0,0,0,0,0.0775553,0.164204,0.256068,0.35174,0.450397,0.551484,0.654676,0.760081,0.863287,0.950436,1.00366,1.01532,1.01155,1.00523,1.00031,0.999443,0.999728,0.999975,1.00002,1.00001,1,0.999999,1,1,1,1,1,1,1,1,1,1,1,1,1,1,1,1,1,1,1,1,1,1,1,1,1,1,1,1,0.999988,0.999681,0.994786,0.931475,0.45343,0.00547641,1.19726e-07,1.48071e-17,3.05642e-38,3.51299e-81,5.78899e-170,0,0,0,0,0,0,0,0,0,0,0,0,0,0,0.166024
0,0,0,0,0,0,0,0,0,0,0,0,0,0,0,0,0,0,0,0,0,0,0,0,0.0765842,0.162037,0.252537,0.346718,0.443791,0.543218,0.644681,0.748256,0.850911,0.940121,0.998498,1.0154,1.01232,1.00633,1.00083,0.999416,0.999668,0.999948,1.00002,1.00001,1,0.999999,1,1,1,1,1,1,1,1,1,1,1,1,1,1,1,1,1,1,1,1,1,1,1,1,1,1,1,1,0.99999,0.999739,0.995702,0.942863,0.51082,0.00959038,4.48669e-07,2.76818e-16,1.65998e-35,2.17703e-75,3.5839e-158,0,0,0,0,0,0,0,0,0,0,0,0,0,0,0.169008
0,0,0,0,0,0,0,0,0,0,0,0,0,0,0,0,0,0,0,0,0,0,0,0,0.075637,0.15993,0.249108,0.341847,0.437387,0.535211,0.635004,0.736776,0.838653,0.929445,0.992535,1.01507,1.01293,1.00745,1.00145,0.999429,0.999616,0.999912,1.00002,1.00001,1,0.999999,1,1,1,1,1,1,1,1,1,1,1,1,1,1,1,1,1,1,1,1,1,1,1,1,1,1,1,1,0.999992,0.999786,0.996458,0.952432,0.566502,0.0173957,1.47231e-06,3.51104e-15,3.97285e-33,2.80771e-70,3.12702e-147,9.19738e-307,0,0,0,0,0,0,0,0,0,0,0,0,0,0.171993
0,0,0,0,0,0,0,0,0,0,0,0,0,0,0,0,0,0,0,0,0,0,0,0,0.0747126,0.157877,0.245775,0.337117,0.431174,0.527446,0.625625,0.725651,0.826533,0.918489,0.985807,1.01429,1.01333,1.00852,1.00223,0.999494,0.999581,0.999866,1.00002,1.00001,1,0.999999,1,1,1,1,1,1,1,1,1,1,1,1,1,1,1,1,1,1,1,1,1,1,1,1,1,1,1,1,0.999994,0.999825,0.997081,0.960454,0.619217,0.0298779,4.76006e-06,3.84145e-14,5.25737e-31,7.82522e-66,1.03436e-137,2.54711e-286,0,0,0,0,0,0,0,0,0,0,0,0,0,0.17498
0,0,0,0,0,0,0,0,0,0,0,0,0,0,0,0,0,0,0,0,0,0,0,0,0.0738096,0.155877,0.242532,0.33252,0.42514,0.51991,0.616526,0.71489,0.814564,0.90732,0.978359,1.01302,1.01346,1.00949,1.00315,0.999625,0.999569,0.999813,1,1.00002,1.00001,1,1,1,1,1,1,1,1,1,1,1,1,1,1,1,1,1,1,1,1,1,1,1,1,1,1,1,1,1,0.999995,0.999857,0.997596,0.967165,0.668212,0.0475586,1.40696e-05,3.84942e-13,5.98523e-29,1.1501e-61,3.20376e-129,1.54054e-268,0,0,0,0,0,0,0,0,0,0,0,0,0,0.177969
0,0,0,0,0,0,0,0,0,0,0,0,0,0,0,0,0,0,0,0,0,0,0,0,0.0729273,0.153927,0.239375,0.32805,0.419277,0.512592,0.607695,0.704466,0.802795,0.896007,0.970258,1.01028,1.01424,1.01034,1.00417,0.999931,0.999491,0.99976,0.999985,1.00002,1.00001,1,0.999999,1,1,1,1,1,1,1,1,1,1,1,1,1,1,1,1,1,1,1,1,1,1,1,1,1,1,1,0.999996,0.999883,0.99802,0.972767,0.713007,0.0706906,3.68111e-05,3.18161e-12,5.18177e-27,1.2003e-57,5.4096e-121,7.20647e-252,0,0,0,0,0,0,0,0,0,0,0,0,0,0.180957
0,0,0,0,0,0,0,0,0,0,0,0,0,0,0,0,0,0,0,0,0,0,0,0,0.0720664,0.152028,0.236305,0.323708,0.413587,0.505493,0.599132,0.694375,0.791277,0.884632,0.961618,1.00679,1.01479,1.01117,1.0052,1.00035,0.999437,0.999702,0.999961,1.00002,1.00001,1,0.999999,1,1,1,1,1,1,1,1,1,1,1,1,1,1,1,1,1,1,1,1,1,1,1,1,1,1,1,0.999997,0.999904,0.99837,0.977428,0.753312,0.0992504,8.55386e-05,2.08801e-11,2.93148e-25,6.00562e-54,3.06004e-113,8.53063e-236,0,0,0,0,0,0,0,0,0,0,0,0,0,0.183944
0,0,0,0,0,0,0,0,0,0,0,0,0,0,0,0,0,0,0,0,0,0,0,0,0.071226,0.150178,0.233319,0.319489,0.40806,0.498602,0.590825,0.684593,0.78003,0.873251,0.952512,1.00255,1.01505,1.01193,1.00625,1.00086,0.999415,0.999645,0.999931,1.00002,1.00001,1,0.999999,1,1,1,1,1,1,1,1,1,1,1,1,1,1,1,1,1,1,1,1,1,1,1,1,1,1,1,0.999997,0.999922,0.998658,0.981302,0.789137,0.133126,0.000112619,1.10343e-10,1.06483e-23,1.23391e-50,3.18692e-106,5.33942e-221,0,0,0,0,0,0,0,0,0,0,0,0,0,0.18693
0,0,0,0,0,0,0,0,0,0,0,0,0,0,0,0,0,0,0,0,0,0,0,0,0.070405,0.148374,0.230411,0.315385,0.402689,0.491908,0.582759,0.675102,0.769062,0.861911,0.943012,0.997568,1.01497,1.01256,1.0073,1.00148,0.999436,0.999598,0.999891,1.00002,1.00001,1,0.999999,1,1,1,1,1,1,1,1,1,1,1,1,1,1,1,1,1,1,1,1,1,1,1,1,1,1,1,0.999998,0.999936,0.998895,0.98452,0.820644,0.172038,0.000112619,2.14468e-10,1.59123e-22,1.09033e-47,5.70124e-100,9.51614e-208,0,0,0,0,0,0,0,0,0,0,0,0,0,0.189915
0,0,0,0,0,0,0,0,0,0,0,0,0,0,0,0,0,0,0,0,0,0,0,0,0.0696026,0.146614,0.227579,0.31139,0.397464,0.4854,0.574921,0.665885,0.758376,0.850654,0.933188,0.99187,1.0145,1.01303,1.0083,1.00224,0.999507,0.999569,0.999843,1.00001,1.00001,1.00001,0.999999,1,1,1,1,1,1,1,1,1,1,1,1,1,1,1,1,1,1,1,1,1,1,1,1,1,1,1,0.999998,0.999947,0.99909,0.98719,0.848103,0.21558,0.000127742,3.19943e-10,6.24868e-22,5.24819e-46,3.55325e-95,5.81451e-196,0,0,0,0,0,0,0,0,0,0,0,0,0,0.192902
0,0,0,0,0,0,0,0,0,0,0,0,0,0,0,0,0,0,0,0,0,0,0,0,0.0688179,0.144895,0.224817,0.307499,0.392378,0.479067,0.567298,0.656924,0.747971,0.839512,0.923108,0.985488,1.01361,1.01328,1.00923,1.00313,0.999643,0.999562,0.99979,0.999997,1.00002,1.00001,1,0.999999,1,1,1,1,1,1,1,1,1,1,1,1,1,1,1,1,1,1,1,1,1,1,1,1,1,1,0.999999,0.999957,0.999251,0.989405,0.871848,0.263217,0.000287152,5.11856e-10,1.6332e-21,6.08047e-45,1.47024e-92,3.41847e-189,0,0,0,0,0,0,0,0,0,0,0,0,0,0.195891
0,0,0,0,0,0,0,0,0,0,0,0,0,0,0,0,0,0,0,0,0,0,0,0,0.0680499,0.143216,0.222121,0.303705,0.387422,0.472901,0.559878,0.648206,0.737873,0.828479,0.912832,0.978464,1.01175,1.0138,1.01006,1.00411,0.999949,0.999489,0.999739,0.999975,1.00002,1.00001,1,0.999999,1,1,1,1,1,1,1,1,1,1,1,1,1,1,1,1,1,1,1,1,1,1,1,1,1,1,0.999999,0.999965,0.999384,0.991241,0.892246,0.314326,0.000796218,1.71719e-09,5.33499e-21,4.36898e-44,1.09876e-90,7.43782e-185,0,0,0,0,0,0,0,0,0,0,0,0,0,0.19888
0,0,0,0,0,0,0,0,0,0,0,0,0,0,0,0,0,0,0,0,0,0,0,0,0.0672989,0.141577,0.219493,0.300009,0.382598,0.4669,0.552661,0.639729,0.728074,0.81761,0.902431,0.97089,1.00899,1.01438,1.01085,1.0051,1.00036,0.999438,0.999684,0.999948,1.00002,1.00001,1,0.999999,1,1,1,1,1,1,1,1,1,1,1,1,1,1,1,1,1,1,1,1,1,1,1,1,1,1,0.999999,0.999971,0.999493,0.992761,0.909642,0.368155,0.00191447,1.02534e-08,7.88004e-20,1.10778e-42,8.7459e-89,2.22878e-181,0,0,0,0,0,0,0,0,0,0,0,0,0,0.201868
0,0,0,0,0,0,0,0,0,0,0,0,0,0,0,0,0,0,0,0,0,0,0,0,0.0665646,0.139977,0.216931,0.296408,0.377901,0.461061,0.54564,0.631487,0.718559,0.806941,0.891962,0.962836,1.00554,1.01474,1.01159,1.00611,1.00087,0.99942,0.999631,0.999915,1.00002,1.00001,1,0.999999,1,1,1,1,1,1,1,1,1,1,1,1,1,1,1,1,1,1,1,1,1,1,1,1,1,1,0.999999,0.999977,0.999583,0.994019,0.9244,0.423949,0.00394705,5.48761e-08,2.6215e-18,7.54541e-40,1.80006e-84,6.51315e-176,0,0,0,0,0,0,0,0,0,0,0,0,0,0.204854
0,0,0,0,0,0,0,0,0,0,0,0,0,0,0,0,0,0,0,0,0,0,0,0,0.0658464,0.138414,0.214431,0.292899,0.373325,0.455375,0.538806,0.623468,0.70931,0.796491,0.881472,0.954366,1.00142,1.01482,1.01224,1.00712,1.00147,0.999444,0.999589,0.999873,1.00002,1.00002,1,0.999999,1,1,1,1,1,1,1,1,1,1,1,1,1,1,1,1,1,1,1,1,1,1,1,1,1,1,0.999999,0.999981,0.999657,0.995058,0.936868,0.480985,0.00723533,2.31027e-07,6.29383e-17,6.65864e-37,2.09769e-78,1.3329e-164,0,0,0,0,0,0,0,0,0,0,0,0,0,0.207841
0,0,0,0,0,0,0,0,0,0,0,0,0,0,0,0,0,0,0,0,0,0,0,0,0.0651436,0.136887,0.21199,0.289475,0.368864,0.449834,0.53215,0.615661,0.700312,0.786272,0.871004,0.945542,0.996619,1.01458,1.01275,1.00808,1.00221,0.999518,0.999563,0.999825,1.00001,1.00002,1.00001,1,0.999999,1,1,1,1,1,1,1,1,1,1,1,1,1,1,1,1,1,1,1,1,1,1,1,1,1,0.999999,0.999984,0.999718,0.995918,0.947368,0.537782,0.0129181,8.03062e-07,9.76184e-16,2.50714e-34,7.26296e-73,8.09099e-153,7.94191e-319,0,0,0,0,0,0,0,0,0,0,0,0,0.210827
0,0,0,0,0,0,0,0,0,0,0,0,0,0,0,0,0,0,0,0,0,0,0,0,0.0644553,0.135393,0.209606,0.286134,0.364513,0.444433,0.525663,0.608055,0.691549,0.776287,0.860593,0.936425,0.991174,1.01397,1.01309,1.00898,1.00306,0.999654,0.99956,0.999773,0.999988,1.00002,1.00001,1,0.999999,1,1,1,1,1,1,1,1,1,1,1,1,1,1,1,1,1,1,1,1,1,1,1,1,1,1,0.999987,0.999768,0.996629,0.956187,0.592144,0.022894,2.64521e-06,1.14364e-14,4.40251e-32,4.49534e-68,1.63549e-142,1.14216e-296,0,0,0,0,0,0,0,0,0,0,0,0,0.213815
0,0,0,0,0,0,0,0,0,0,0,0,0,0,0,0,0,0,0,0,0,0,0,0,0.063781,0.133931,0.207276,0.282871,0.360266,0.439162,0.519335,0.600639,0.683008,0.766538,0.85027,0.927074,0.985113,1.01297,1.01322,1.0098,1.004,0.999954,0.999489,0.999724,0.999964,1.00002,1.00001,1,0.999999,1,1,1,1,1,1,1,1,1,1,1,1,1,1,1,1,1,1,1,1,1,1,1,1,1,1,0.99999,0.999809,0.997217,0.963576,0.643144,0.0378345,8.22659e-06,1.21896e-13,5.5343e-30,8.92219e-64,1.57102e-133,1.67926e-277,0,0,0,0,0,0,0,0,0,0,0,0,0.216805
0,0,0,0,0,0,0,0,0,0,0,0,0,0,0,0,0,0,0,0,0,0,0,0,0.0631201,0.132501,0.204997,0.279682,0.356118,0.434017,0.513161,0.593404,0.67468,0.75704,0.840043,0.917545,0.97848,1.0108,1.01386,1.01053,1.00498,1.00036,0.999442,0.999672,0.999936,1.00002,1.00001,1,0.999999,1,1,1,1,1,1,1,1,1,1,1,1,1,1,1,1,1,1,1,1,1,1,1,1,1,1,0.999991,0.999843,0.997703,0.969754,0.690158,0.0581266,2.28816e-05,1.11755e-12,5.64502e-28,1.18233e-59,3.94878e-125,2.6119e-260,0,0,0,0,0,0,0,0,0,0,0,0,0.219795
0,0,0,0,0,0,0,0,0,0,0,0,0,0,0,0,0,0,0,0,0,0,0,0,0.0624732,0.131102,0.202771,0.276569,0.352072,0.428999,0.507142,0.586355,0.666568,0.747807,0.829948,0.907901,0.971362,1.008,1.01432,1.01124,1.00596,1.00085,0.999426,0.999623,0.999901,1.00002,1.00002,1,0.999999,0.999999,1,1,1,1,1,1,1,1,1,1,1,1,1,1,1,1,1,1,1,1,1,1,1,1,1,0.999993,0.999871,0.998104,0.974902,0.732777,0.0838698,5.63079e-05,8.21829e-12,3.96742e-26,8.7959e-56,4.29113e-117,8.03956e-244,0,0,0,0,0,0,0,0,0,0,0,0,0.222783
0,0,0,0,0,0,0,0,0,0,0,0,0,0,0,0,0,0,0,0,0,0,0,0,0.0618396,0.129733,0.200596,0.27353,0.348123,0.424104,0.501272,0.579482,0.658661,0.738821,0.820014,0.898188,0.963812,1.00459,1.01455,1.01188,1.00693,1.00145,0.999451,0.999584,0.999859,1.00001,1.00002,1.00001,0.999999,0.999999,1,1,1,1,1,1,1,1,1,1,1,1,1,1,1,1,1,1,1,1,1,1,1,1,1,0.999994,0.999894,0.998435,0.979188,0.770905,0.114975,0.000124074,4.82349e-11,1.78918e-24,2.80788e-52,1.0599e-109,2.45979e-228,0,0,0,0,0,0,0,0,0,0,0,0,0.22577
0,0,0,0,0,0,0,0,0,0,0,0,0,0,0,0,0,0,0,0,0,0,0,0,0.0612189,0.128394,0.198469,0.27056,0.344266,0.419326,0.495543,0.572776,0.65095,0.730067,0.810261,0.888448,0.955888,1.00054,1.0145,1.01242,1.00784,1.00216,0.999525,0.999561,0.999811,1,1.00002,1.00001,1,0.999999,1,1,1,1,1,1,1,1,1,1,1,1,1,1,1,1,1,1,1,1,1,1,1,1,1,0.999995,0.999913,0.998708,0.982751,0.804625,0.151323,0.000124074,1.74683e-10,5.28937e-23,3.73601e-49,4.48252e-103,2.55416e-214,0,0,0,0,0,0,0,0,0,0,0,0,0.228757
0,0,0,0,0,0,0,0,0,0,0,0,0,0,0,0,0,0,0,0,0,0,0,0,0.0606104,0.127083,0.196388,0.267656,0.340497,0.414659,0.489949,0.566231,0.643426,0.72153,0.8007,0.878716,0.947644,0.995895,1.01415,1.01282,1.0087,1.00298,0.999707,0.999512,0.99976,0.999981,1.00002,1.00001,1,0.999999,1,1,1,1,1,1,1,1,1,1,1,1,1,1,1,1,1,1,1,1,1,1,1,1,1,0.999996,0.999928,0.998934,0.985711,0.834155,0.192518,0.000124186,3.01136e-10,3.93914e-22,1.09982e-46,3.5384e-97,8.01703e-202,0,0,0,0,0,0,0,0,0,0,0,0,0.231744
0,0,0,0,0,0,0,0,0,0,0,0,0,0,0,0,0,0,0,0,0,0,0,0,0.0600136,0.125798,0.194351,0.264816,0.336813,0.410097,0.484484,0.559838,0.63608,0.713199,0.791338,0.869024,0.939133,0.990658,1.01345,1.01306,1.00951,1.00387,0.999999,0.999454,0.999706,0.999957,1.00002,1.00001,1,0.999999,1,1,1,1,1,1,1,1,1,1,1,1,1,1,1,1,1,1,1,1,1,1,1,1,1,0.999997,0.999941,0.999121,0.988169,0.859796,0.23811,0.000187266,4.43996e-10,1.28821e-21,2.79493e-45,1.60139e-93,6.14258e-192,0,0,0,0,0,0,0,0,0,0,0,0,0.234734
0,0,0,0,0,0,0,0,0,0,0,0,0,0,0,0,0,0,0,0,0,0,0,0,0.0594281,0.124539,0.192356,0.262036,0.333208,0.405637,0.479142,0.55359,0.628902,0.705062,0.782175,0.8594,0.930407,0.984861,1.01238,1.01309,1.01023,1.00482,1.00039,0.999418,0.999651,0.999927,1.00002,1.00001,1,0.999999,0.999999,1,1,1,1,1,1,1,1,1,1,1,1,1,1,1,1,1,1,1,1,1,1,1,1,0.999997,0.999952,0.999275,0.99021,0.881897,0.287508,0.000486889,9.1756e-10,3.42771e-21,2.56719e-44,3.18622e-91,2.91004e-186,0,0,0,0,0,0,0,0,0,0,0,0,0.237724
0,0,0,0,0,0,0,0,0,0,0,0,0,0,0,0,0,0,0,0,0,0,0,0,0.0588537,0.123304,0.190402,0.259315,0.329682,0.401274,0.473919,0.547484,0.62189,0.697115,0.773229,0.849859,0.92152,0.978549,1.01014,1.01367,1.01084,1.00579,1.00087,0.999412,0.999602,0.999889,1.00002,1.00002,1.00001,0.999999,0.999999,1,1,1,1,1,1,1,1,1,1,1,1,1,1,1,1,1,1,1,1,1,1,1,1,0.999998,0.99996,0.999402,0.991901,0.900816,0.340024,0.00125561,4.249e-09,1.92112e-20,2.38322e-43,2.05013e-89,2.50593e-182,0,0,0,0,0,0,0,0,0,0,0,0,0.240714
0,0,0,0,0,0,0,0,0,0,0,0,0,0,0,0,0,0,0,0,0,0,0,0,0.0582905,0.122095,0.18849,0.256653,0.326235,0.397012,0.468816,0.54152,0.615043,0.689358,0.764515,0.840425,0.912526,0.971801,1.00733,1.01406,1.01144,1.00672,1.00145,0.999444,0.999565,0.999844,1.00001,1.00002,1.00001,1,0.999999,1,1,1,1,1,1,1,1,1,1,1,1,1,1,1,1,1,1,1,1,1,1,1,1,0.999998,0.999967,0.999506,0.993301,0.916907,0.394888,0.00277608,2.43352e-08,4.71149e-19,2.71053e-41,8.73537e-87,1.71224e-178,0,0,0,0,0,0,0,0,0,0,0,0,0.243703
0,0,0,0,0,0,0,0,0,0,0,0,0,0,0,0,0,0,0,0,0,0,0,0,0.0577382,0.12091,0.186617,0.254049,0.322863,0.392844,0.463829,0.535693,0.608354,0.681784,0.756016,0.831125,0.903464,0.964666,1.00394,1.01422,1.01198,1.00758,1.00214,0.999524,0.999544,0.999794,0.999997,1.00002,1.00001,1,0.999999,1,1,1,1,1,1,1,1,1,1,1,1,1,1,1,1,1,1,1,1,1,1,1,1,0.999999,0.999973,0.999593,0.99446,0.930532,0.451375,0.00537264,1.14494e-07,1.34087e-17,2.46427e-38,2.21229e-81,2.23827e-170,0,0,0,0,0,0,0,0,0,0,0,0,0.246691
0,0,0,0,0,0,0,0,0,0,0,0,0,0,0,0,0,0,0,0,0,0,0,0,0.0571964,0.119749,0.184783,0.2515,0.319564,0.388767,0.458952,0.529995,0.601816,0.674382,0.74772,0.821978,0.894369,0.957194,0.999967,1.01411,1.01243,1.00839,1.00292,0.999709,0.999498,0.999743,0.999976,1.00002,1.00001,1,0.999999,1,1,1,1,1,1,1,1,1,1,1,1,1,1,1,1,1,1,1,1,1,1,1,1,0.999999,0.999978,0.999664,0.995419,0.942028,0.508764,0.00940072,4.31963e-07,2.54535e-16,1.38369e-35,1.46615e-75,1.51928e-158,0,0,0,0,0,0,0,0,0,0,0,0,0.249679
0,0,0,0,0,0,0,0,0,0,0,0,0,0,0,0,0,0,0,0,0,0,0,0,0.0566645,0.11861,0.182986,0.249003,0.316334,0.384777,0.45418,0.524422,0.595423,0.667147,0.739614,0.812996,0.885274,0.949434,0.995438,1.01369,1.01275,1.00916,1.00377,1,0.999443,0.999689,0.99995,1.00002,1.00001,1,0.999999,0.999999,1,1,1,1,1,1,1,1,1,1,1,1,1,1,1,1,1,1,1,1,1,1,1,0.999999,0.999982,0.999723,0.996213,0.951697,0.564522,0.0170728,1.41709e-06,3.25492e-15,3.40265e-33,2.01008e-70,1.51514e-147,1.89926e-307,0,0,0,0,0,0,0,0,0,0,0,0.252668
0,0,0,0,0,0,0,0,0,0,0,0,0,0,0,0,0,0,0,0,0,0,0,0,0.0561422,0.117492,0.181224,0.246556,0.31317,0.38087,0.449508,0.518968,0.589167,0.660069,0.731689,0.804184,0.876208,0.941433,0.990369,1.01294,1.0129,1.00987,1.00466,1.00038,0.999411,0.999636,0.999917,1.00002,1.00002,1,0.999999,0.999999,1,1,1,1,1,1,1,1,1,1,1,1,1,1,1,1,1,1,1,1,1,1,1,0.999999,0.999985,0.999772,0.99687,0.959809,0.617353,0.0294044,4.59304e-06,3.56746e-14,4.52783e-31,5.79734e-66,5.58689e-138,6.7185e-287,0,0,0,0,0,0,0,0,0,0,0,0.255659
0,0,0,0,0,0,0,0,0,0,0,0,0,0,0,0,0,0,0,0,0,0,0,0,0.0556291,0.116395,0.179495,0.244157,0.310069,0.377042,0.444932,0.513626,0.583043,0.653142,0.723934,0.795544,0.867194,0.933237,0.984787,1.01141,1.01329,1.01048,1.00559,1.00085,0.999409,0.999589,0.999877,1.00002,1.00002,1.00001,0.999999,0.999999,1,1,1,1,1,1,1,1,1,1,1,1,1,1,1,1,1,1,1,1,1,1,1,0.999999,0.999988,0.999812,0.997414,0.9666,0.666487,0.0469263,1.36349e-05,3.59661e-13,5.19173e-29,8.58315e-62,1.76957e-129,4.6595e-269,0,0,0,0,0,0,0,0,0,0,0,0.25865
0,0,0,0,0,0,0,0,0,0,0,0,0,0,0,0,0,0,0,0,0,0,0,0,0.0551254,0.115319,0.1778,0.241806,0.307032,0.373295,0.440454,0.508399,0.577051,0.646367,0.716353,0.787097,0.858258,0.924901,0.978759,1.00917,1.01373,1.01108,1.00649,1.0014,0.999443,0.999554,0.999831,1.00001,1.00002,1.00001,1,0.999999,1,1,1,1,1,1,1,1,1,1,1,1,1,1,1,1,1,1,1,1,1,1,1,0.999999,0.99999,0.999845,0.997863,0.972268,0.711383,0.0698726,3.58003e-05,2.99285e-12,4.54979e-27,9.13582e-58,3.06363e-121,2.23661e-252,0,0,0,0,0,0,0,0,0,0,0,0.26164
0,0,0,0,0,0,0,0,0,0,0,0,0,0,0,0,0,0,0,0,0,0,0,0,0.0546309,0.114263,0.176138,0.239503,0.304058,0.369626,0.436071,0.503285,0.571189,0.63974,0.70894,0.778853,0.849408,0.916464,0.972335,1.00638,1.01399,1.01163,1.00732,1.00207,0.999522,0.999535,0.99978,0.999991,1.00002,1.00001,1,0.999999,1,1,1,1,1,1,1,1,1,1,1,1,1,1,1,1,1,1,1,1,1,1,1,1,0.999992,0.999872,0.998234,0.976989,0.751818,0.0982525,8.34679e-05,1.97775e-11,2.6098e-25,4.69645e-54,1.82078e-113,2.86724e-236,0,0,0,0,0,0,0,0,0,0,0,0.264628
0,0,0,0,0,0,0,0,0,0,0,0,0,0,0,0,0,0,0,0,0,0,0,0,0.0541454,0.113227,0.174508,0.237245,0.301144,0.366032,0.431778,0.498277,0.565451,0.633256,0.701687,0.770799,0.840671,0.907961,0.965558,1.00306,1.01402,1.01211,1.00811,1.00282,0.999704,0.999491,0.999729,0.999968,1.00002,1.00001,1,0.999999,1,1,1,1,1,1,1,1,1,1,1,1,1,1,1,1,1,1,1,1,1,1,1,1,0.999993,0.999895,0.998541,0.980918,0.787787,0.131962,0.000110026,1.05189e-10,9.60752e-24,9.91964e-51,2.00529e-106,2.00154e-221,0,0,0,0,0,0,0,0,0,0,0,0.267617
0,0,0,0,0,0,0,0,0,0,0,0,0,0,0,0,0,0,0,0,0,0,0,0,0.0536684,0.11221,0.17291,0.235031,0.298287,0.36251,0.427573,0.493373,0.559832,0.626907,0.694589,0.762923,0.832064,0.899425,0.958475,0.999196,1.0138,1.01249,1.00885,1.00363,0.999986,0.999439,0.999676,0.99994,1.00002,1.00002,1,0.999999,0.999999,1,1,1,1,1,1,1,1,1,1,1,1,1,1,1,1,1,1,1,1,1,1,1,0.999994,0.999913,0.998795,0.984185,0.819443,0.170729,0.000110026,2.04675e-10,1.44786e-22,8.9928e-48,3.78579e-100,3.98665e-208,0,0,0,0,0,0,0,0,0,0,0,0.270606
0,0,0,0,0,0,0,0,0,0,0,0,0,0,0,0,0,0,0,0,0,0,0,0,0.0531996,0.111211,0.17134,0.232859,0.295486,0.359058,0.423451,0.488566,0.554327,0.620688,0.687638,0.755215,0.823598,0.890883,0.95113,0.994813,1.01329,1.01273,1.00955,1.00448,1.00035,0.999409,0.999625,0.999906,1.00002,1.00002,1.00001,0.999999,0.999999,1,1,1,1,1,1,1,1,1,1,1,1,1,1,1,1,1,1,1,1,1,1,1,0.999995,0.999928,0.999004,0.986899,0.847047,0.214151,0.000123381,3.05165e-10,5.69567e-22,4.35645e-46,2.44051e-95,2.69975e-196,0,0,0,0,0,0,0,0,0,0,0,0.273596
0,0,0,0,0,0,0,0,0,0,0,0,0,0,0,0,0,0,0,0,0,0,0,0,0.0527387,0.11023,0.169799,0.230727,0.292737,0.355671,0.419409,0.483854,0.548931,0.614593,0.680827,0.747667,0.815279,0.882362,0.943564,0.989929,1.01247,1.01281,1.01019,1.00536,1.0008,0.999408,0.999581,0.999865,1.00002,1.00002,1.00001,1,0.999999,1,1,1,1,1,1,1,1,1,1,1,1,1,1,1,1,1,1,1,1,1,1,1,0.999996,0.999941,0.999178,0.989152,0.870926,0.261694,0.000275947,4.83342e-10,1.48463e-21,5.0553e-45,1.01695e-92,1.62817e-189,0,0,0,0,0,0,0,0,0,0,0,0.276587
0,0,0,0,0,0,0,0,0,0,0,0,0,0,0,0,0,0,0,0,0,0,0,0,0.0522855,0.109265,0.168286,0.228634,0.29004,0.352348,0.415444,0.479233,0.54364,0.608619,0.674153,0.740272,0.807113,0.873886,0.935823,0.984579,1.01069,1.01331,1.01075,1.00625,1.00133,0.999441,0.999547,0.999819,1,1.00002,1.00001,1,0.999999,1,1,1,1,1,1,1,1,1,1,1,1,1,1,1,1,1,1,1,1,1,1,1,0.999997,0.999951,0.999321,0.991021,0.891437,0.312716,0.000771514,1.60327e-09,4.75351e-21,3.58786e-44,7.56159e-91,3.56206e-185,0,0,0,0,0,0,0,0,0,0,0,0.279578
0,0,0,0,0,0,0,0,0,0,0,0,0,0,0,0,0,0,0,0,0,0,0,0,0.0518402,0.108318,0.1668,0.226581,0.287394,0.349091,0.411559,0.474704,0.538457,0.602767,0.667618,0.733033,0.799113,0.865481,0.927953,0.978823,1.00841,1.01366,1.01129,1.00707,1.00198,0.999517,0.999529,0.999768,0.999985,1.00002,1.00001,1,0.999999,1,1,1,1,1,1,1,1,1,1,1,1,1,1,1,1,1,1,1,1,1,1,1,0.999997,0.99996,0.999439,0.99257,0.908931,0.366464,0.00186794,9.66021e-09,6.91766e-20,8.6121e-43,5.67471e-89,1.02268e-181,0,0,0,0,0,0,0,0,0,0,0,0.282568
0,0,0,0,0,0,0,0,0,0,0,0,0,0,0,0,0,0,0,0,0,0,0,0,0.0514026,0.107387,0.165342,0.224566,0.2848,0.345897,0.407749,0.470266,0.533377,0.597033,0.661216,0.725942,0.791293,0.857149,0.919992,0.972702,1.00563,1.01383,1.01178,1.00784,1.0027,0.999692,0.999487,0.999718,0.999961,1.00002,1.00001,1,0.999999,0.999999,1,1,1,1,1,1,1,1,1,1,1,1,1,1,1,1,1,1,1,1,1,1,0.999998,0.999967,0.999537,0.993852,0.92378,0.422216,0.00386971,5.2304e-08,2.34994e-18,5.92532e-40,1.07245e-84,2.3931e-176,0,0,0,0,0,0,0,0,0,0,0,0.285557
0,0,0,0,0,0,0,0,0,0,0,0,0,0,0,0,0,0,0,0,0,0,0,0,0.0509723,0.106473,0.163909,0.222588,0.282254,0.342764,0.404013,0.465913,0.528396,0.591413,0.654941,0.718996,0.783642,0.848911,0.911968,0.966257,1.00234,1.01378,1.01219,1.00856,1.00348,0.999964,0.999437,0.999667,0.999932,1.00002,1.00002,1,0.999999,0.999999,1,1,1,1,1,1,1,1,1,1,1,1,1,1,1,1,1,1,1,1,1,1,0.999998,0.999973,0.999617,0.994914,0.936332,0.479243,0.00711817,2.22133e-07,5.75827e-17,5.46895e-37,1.35559e-78,5.08209e-165,0,0,0,0,0,0,0,0,0,0,0,0.288546
0,0,0,0,0,0,0,0,0,0,0,0,0,0,0,0,0,0,0,0,0,0,0,0,0.0505492,0.105575,0.162502,0.220646,0.279754,0.339688,0.400347,0.461643,0.523511,0.5859,0.648789,0.712187,0.776149,0.840786,0.903911,0.959531,0.998558,1.01348,1.0125,1.00924,1.0043,1.00032,0.999407,0.999618,0.999896,1.00002,1.00002,1.00001,0.999999,0.999999,1,1,1,1,1,1,1,1,1,1,1,1,1,1,1,1,1,1,1,1,1,1,0.999999,0.999978,0.999684,0.995793,0.946907,0.53612,0.0126958,7.75673e-07,9.06899e-16,2.13302e-34,5.0925e-73,3.69269e-153,1.38936e-319,0,0,0,0,0,0,0,0,0,0,0.291536
0,0,0,0,0,0,0,0,0,0,0,0,0,0,0,0,0,0,0,0,0,0,0,0,0.050133,0.104691,0.161119,0.218738,0.277299,0.336669,0.396748,0.457453,0.518717,0.580492,0.642754,0.70551,0.768807,0.832783,0.895846,0.952562,0.994292,1.0129,1.01267,1.00988,1.00514,1.00075,0.999406,0.999574,0.999855,1.00001,1.00002,1.00001,1,0.999999,1,1,1,1,1,1,1,1,1,1,1,1,1,1,1,1,1,1,1,1,1,1,0.999999,0.999982,0.999739,0.996521,0.95579,0.590596,0.0225493,2.55885e-06,1.06826e-14,3.82793e-32,3.35018e-68,8.59414e-143,2.76953e-297,0,0,0,0,0,0,0,0,0,0,0.294527
0,0,0,0,0,0,0,0,0,0,0,0,0,0,0,0,0,0,0,0,0,0,0,0,0.0497232,0.103822,0.159759,0.216862,0.274887,0.333703,0.393213,0.453338,0.514011,0.575184,0.636832,0.698959,0.761606,0.824909,0.887797,0.945391,0.989563,1.01168,1.01301,1.01044,1.006,1.00126,0.999438,0.999541,0.999808,1,1.00002,1.00001,1,0.999999,1,1,1,1,1,1,1,1,1,1,1,1,1,1,1,1,1,1,1,1,1,1,0.999999,0.999985,0.999785,0.997124,0.963236,0.641729,0.0373597,7.98688e-06,1.14393e-13,4.84987e-30,6.80707e-64,9.00552e-134,5.19667e-278,0,0,0,0,0,0,0,0,0,0,0.297518
0,0,0,0,0,0,0,0,0,0,0,0,0,0,0,0,0,0,0,0,0,0,0,0,0.0493202,0.102967,0.158423,0.21502,0.272518,0.330791,0.389744,0.449299,0.509392,0.569976,0.631023,0.692534,0.754547,0.817174,0.87979,0.938061,0.984422,1.00985,1.0134,1.01099,1.00681,1.00187,0.999511,0.999524,0.999758,0.999981,1.00002,1.00001,1,0.999999,0.999999,1,1,1,1,1,1,1,1,1,1,1,1,1,1,1,1,1,1,1,1,1,0.999999,0.999987,0.999822,0.997622,0.969457,0.688846,0.0575042,2.22939e-05,1.05529e-12,4.99765e-28,9.16396e-60,2.32991e-125,8.85482e-261,0,0,0,0,0,0,0,0,0,0,0.300509
0,0,0,0,0,0,0,0,0,0,0,0,0,0,0,0,0,0,0,0,0,0,0,0,0.0489238,0.102127,0.15711,0.21321,0.270192,0.327932,0.386339,0.445336,0.504861,0.564867,0.625325,0.686234,0.747627,0.809588,0.871843,0.930612,0.978907,1.00756,1.01365,1.01149,1.00757,1.00256,0.999676,0.999483,0.999709,0.999956,1.00003,1.00002,1,0.999999,0.999999,1,1,1,1,1,1,1,1,1,1,1,1,1,1,1,1,1,1,1,1,1,0.999999,0.99999,0.999853,0.998034,0.974645,0.731588,0.0831045,5.50505e-05,7.81429e-12,3.5595e-26,6.98713e-56,2.63892e-117,2.90534e-244,0,0,0,0,0,0,0,0,0,0,0.303499
0,0,0,0,0,0,0,0,0,0,0,0,0,0,0,0,0,0,0,0,0,0,0,0,0.0485338,0.101301,0.155819,0.211432,0.267907,0.325125,0.382996,0.441446,0.500414,0.559853,0.619734,0.680054,0.74084,0.802161,0.863959,0.923075,0.973056,1.0048,1.01371,1.01194,1.00828,1.00331,0.999935,0.999434,0.99966,0.999925,1.00002,1.00002,1.00001,0.999999,0.999999,1,1,1,1,1,1,1,1,1,1,1,1,1,1,1,1,1,1,1,1,1,0.999999,0.999991,0.999879,0.998375,0.978966,0.769847,0.11408,0.000121674,4.61636e-11,1.62698e-24,2.29245e-52,6.87717e-110,9.81361e-229,0,0,0,0,0,0,0,0,0,0,0.306488
0,0,0,0,0,0,0,0,0,0,0,0,0,0,0,0,0,0,0,0,0,0,0,0,0.04815,0.100488,0.154549,0.209684,0.265662,0.322367,0.379712,0.437626,0.496047,0.554931,0.614247,0.673989,0.734182,0.794884,0.856158,0.915478,0.966907,1.00157,1.01356,1.01229,1.00896,1.0041,1.00027,0.999406,0.999611,0.999889,1.00002,1.00002,1.00001,0.999999,0.999999,1,1,1,1,1,1,1,1,1,1,1,1,1,1,1,1,1,1,1,1,1,1,0.999993,0.9999,0.998657,0.98256,0.8037,0.150314,0.000121674,1.67867e-10,4.86921e-23,3.13013e-49,3.06999e-103,1.1376e-214,0,0,0,0,0,0,0,0,0,0,0.309478
0,0,0,0,0,0,0,0,0,0,0,0,0,0,0,0,0,0,0,0,0,0,0,0,0.0477722,0.0996883,0.153301,0.207965,0.263455,0.319657,0.376486,0.433873,0.491758,0.550097,0.608858,0.668036,0.727648,0.787747,0.848457,0.907848,0.960497,0.997872,1.01317,1.01253,1.00959,1.00491,1.00068,0.999403,0.999569,0.999847,1.00001,1.00002,1.00001,1,0.999999,1,1,1,1,1,1,1,1,1,1,1,1,1,1,1,1,1,1,1,1,1,1,0.999994,0.999917,0.99889,0.985547,0.833355,0.191416,0.000121705,2.89589e-10,3.64068e-22,9.37213e-47,2.54524e-97,3.96108e-202,0,0,0,0,0,0,0,0,0,0,0.312468
0,0,0,0,0,0,0,0,0,0,0,0,0,0,0,0,0,0,0,0,0,0,0,0,0.0474001,0.098901,0.152072,0.206274,0.261285,0.316992,0.373315,0.430184,0.487544,0.545347,0.603565,0.662188,0.721231,0.780743,0.840865,0.900207,0.953863,0.993725,1.01252,1.01263,1.01017,1.00575,1.00117,0.999433,0.999537,0.999801,0.999996,1.00002,1.00001,1,0.999999,0.999999,1,1,1,1,1,1,1,1,1,1,1,1,1,1,1,1,1,1,1,1,1,0.999995,0.999932,0.999082,0.988029,0.85911,0.236936,0.000181457,4.26087e-10,1.19184e-21,2.39175e-45,1.1701e-93,3.24773e-192,0,0,0,0,0,0,0,0,0,0,0.31546
0,0,0,0,0,0,0,0,0,0,0,0,0,0,0,0,0,0,0,0,0,0,0,0,0.0470335,0.0981257,0.150863,0.204611,0.25915,0.314372,0.370197,0.426558,0.483401,0.540679,0.598364,0.656443,0.714929,0.773867,0.833389,0.892577,0.947042,0.989153,1.01107,1.01306,1.01069,1.00656,1.00175,0.999501,0.999519,0.999751,0.999976,1.00003,1.00001,1,0.999999,0.999999,1,1,1,1,1,1,1,1,1,1,1,1,1,1,1,1,1,1,1,1,1,0.999996,0.999944,0.999242,0.990089,0.88131,0.286277,0.000473096,8.71232e-10,3.15294e-21,2.19552e-44,2.33809e-91,1.56369e-186,0,0,0,0,0,0,0,0,0,0,0.318452
0,0,0,0,0,0,0,0,0,0,0,0,0,0,0,0,0,0,0,0,0,0,0,0,0.0466727,0.0973629,0.149673,0.202975,0.257052,0.311797,0.367133,0.422997,0.479332,0.536095,0.593256,0.650802,0.708744,0.767119,0.82604,0.884987,0.940076,0.984204,1.00919,1.01338,1.01119,1.00731,1.00241,0.999655,0.999479,0.999703,0.999949,1.00003,1.00002,1,0.999999,0.999999,1,1,1,1,1,1,1,1,1,1,1,1,1,1,1,1,1,1,1,1,1,0.999997,0.999954,0.999373,0.991796,0.900302,0.338715,0.00122756,4.0299e-09,1.73265e-20,1.99456e-43,1.48372e-89,1.34205e-182,0,0,0,0,0,0,0,0,0,0,0.321443
0,0,0,0,0,0,0,0,0,0,0,0,0,0,0,0,0,0,0,0,0,0,0,0,0.0463175,0.0966123,0.148503,0.201367,0.254989,0.309266,0.364123,0.419497,0.475335,0.531593,0.58824,0.645264,0.702671,0.760497,0.818826,0.877447,0.932998,0.97891,1.00688,1.01355,1.01165,1.00801,1.00314,0.9999,0.999432,0.999653,0.999918,1.00002,1.00002,1.00001,0.999999,0.999999,1,1,1,1,1,1,1,1,1,1,1,1,1,1,1,1,1,1,1,1,1,0.999997,0.999962,0.999482,0.99321,0.916462,0.393533,0.00272674,2.32943e-08,4.26927e-19,2.19888e-41,5.85397e-87,8.47555e-179,0,0,0,0,0,0,0,0,0,0,0.324433
0,0,0,0,0,0,0,0,0,0,0,0,0,0,0,0,0,0,0,0,0,0,0,0,0.0459678,0.0958733,0.147352,0.199785,0.252961,0.306778,0.361164,0.416057,0.471407,0.527168,0.583312,0.639823,0.696706,0.753994,0.811755,0.869962,0.925836,0.973306,1.00412,1.01354,1.01203,1.00867,1.0039,1.00022,0.999403,0.999606,0.999881,1.00002,1.00002,1.00001,1,0.999999,1,1,1,1,1,1,1,1,1,1,1,1,1,1,1,1,1,1,1,1,1,0.999998,0.999968,0.999572,0.994381,0.930152,0.450004,0.00529477,1.10505e-07,1.23683e-17,2.06029e-38,1.49213e-81,9.7101e-171,0,0,0,0,0,0,0,0,0,0,0.327422
0,0,0,0,0,0,0,0,0,0,0,0,0,0,0,0,0,0,0,0,0,0,0,0,0.0456233,0.0951457,0.146219,0.198228,0.250965,0.30433,0.358254,0.412676,0.467545,0.522819,0.578468,0.634477,0.690847,0.747607,0.804817,0.862553,0.918618,0.967425,1.00092,1.01332,1.01233,1.0093,1.00469,1.00061,0.999399,0.999564,0.999839,1.00001,1.00002,1.00001,1,0.999999,1,1,1,1,1,1,1,1,1,1,1,1,1,1,1,1,1,1,1,1,1,0.999998,0.999974,0.999646,0.995351,0.941705,0.507406,0.0092874,4.19503e-07,2.38223e-16,1.19555e-35,1.06166e-75,7.4376e-159,0,0,0,0,0,0,0,0,0,0,0.330413
0,0,0,0,0,0,0,0,0,0,0,0,0,0,0,0,0,0,0,0,0,0,0,0,0.0452838,0.0944291,0.145103,0.196695,0.249001,0.301922,0.355391,0.409349,0.463747,0.518543,0.573706,0.629221,0.685088,0.741331,0.798005,0.855234,0.911365,0.961303,0.997293,1.01286,1.0125,1.00989,1.0055,1.00108,0.999425,0.999532,0.999793,0.999992,1.00003,1.00001,1,0.999999,0.999999,1,1,1,1,1,1,1,1,1,1,1,1,1,1,1,1,1,1,1,1,0.999999,0.999978,0.999708,0.996155,0.951424,0.563252,0.0168656,1.38136e-06,3.08003e-15,3.01474e-33,1.54256e-70,8.46282e-148,5.23389e-308,0,0,0,0,0,0,0,0,0,0.333404
0,0,0,0,0,0,0,0,0,0,0,0,0,0,0,0,0,0,0,0,0,0,0,0,0.0449492,0.0937229,0.144003,0.195186,0.247068,0.299552,0.352574,0.406076,0.460011,0.514336,0.569022,0.624052,0.679425,0.735162,0.791313,0.848012,0.904101,0.954973,0.993244,1.01214,1.01254,1.01041,1.0063,1.00162,0.999488,0.999513,0.999744,0.999971,1.00003,1.00002,1,0.999999,0.999999,1,1,1,1,1,1,1,1,1,1,1,1,1,1,1,1,1,1,1,1,0.999999,0.999982,0.999759,0.99682,0.959579,0.616193,0.0290944,4.48582e-06,3.39464e-14,4.08097e-31,4.6481e-66,3.45015e-138,2.33591e-287,0,0,0,0,0,0,0,0,0,0.336396
0,0,0,0,0,0,0,0,0,0,0,0,0,0,0,0,0,0,0,0,0,0,0,0,0.0446194,0.0930271,0.142921,0.1937,0.245164,0.29722,0.349802,0.402856,0.456335,0.510198,0.564416,0.618969,0.673857,0.729097,0.784736,0.840896,0.896847,0.948471,0.988801,1.01063,1.01295,1.01087,1.00706,1.00227,0.999633,0.999474,0.999696,0.999944,1.00003,1.00002,1,0.999999,0.999999,1,1,1,1,1,1,1,1,1,1,1,1,1,1,1,1,1,1,1,1,0.999999,0.999985,0.999801,0.99737,0.966404,0.665425,0.046504,1.3349e-05,3.43589e-13,4.71763e-29,7.03671e-62,1.16882e-129,1.92766e-269,0,0,0,0,0,0,0,0,0,0.339388
0,0,0,0,0,0,0,0,0,0,0,0,0,0,0,0,0,0,0,0,0,0,0,0,0.0442945,0.0923419,0.141855,0.192238,0.243292,0.294925,0.347076,0.39969,0.452721,0.50613,0.559887,0.613973,0.668385,0.723139,0.778276,0.833895,0.889627,0.941834,0.984011,1.00871,1.01323,1.01131,1.00775,1.00297,0.999863,0.999428,0.999647,0.999912,1.00002,1.00002,1.00001,0.999999,0.999999,1,1,1,1,1,1,1,1,1,1,1,1,1,1,1,1,1,1,1,1,0.999999,0.999988,0.999835,0.997826,0.9721,0.710423,0.0693367,3.51402e-05,2.87264e-12,4.16971e-27,7.60701e-58,2.09044e-121,1.01137e-252,0,0,0,0,0,0,0,0,0,0.342379
0,0,0,0,0,0,0,0,0,0,0,0,0,0,0,0,0,0,0,0,0,0,0,0,0.0439744,0.091667,0.140805,0.190798,0.241449,0.292667,0.344393,0.396575,0.449167,0.50213,0.555434,0.609061,0.663007,0.717283,0.771929,0.827022,0.882446,0.935092,0.978902,1.00637,1.01336,1.0117,1.00839,1.00372,1.00017,0.999399,0.9996,0.999875,1.00002,1.00002,1.00001,1,0.999999,1,1,1,1,1,1,1,1,1,1,1,1,1,1,1,1,1,1,1,1,0.999999,0.99999,0.999864,0.998202,0.976847,0.750967,0.0976116,8.21301e-05,1.90775e-11,2.41516e-25,3.9844e-54,1.28594e-113,1.38027e-236,0,0,0,0,0,0,0,0,0,0.34537
0,0,0,0,0,0,0,0,0,0,0,0,0,0,0,0,0,0,0,0,0,0,0,0,0.043659,0.0910021,0.139772,0.18938,0.239634,0.290445,0.341754,0.39351,0.44567,0.498194,0.551054,0.604231,0.657718,0.711526,0.76569,0.820277,0.875317,0.928271,0.973508,1.00361,1.01331,1.01204,1.009,1.00449,1.00054,0.999393,0.999559,0.999833,1.00001,1.00002,1.00001,1,0.999999,0.999999,1,1,1,1,1,1,1,1,1,1,1,1,1,1,1,1,1,1,1,0.999999,0.999992,0.999888,0.998513,0.980797,0.787047,0.131164,0.000173122,1.01938e-10,8.97646e-24,8.58207e-51,1.47271e-106,1.03881e-221,0,0,0,0,0,0,0,0,0,0.34836
0,0,0,0,0,0,0,0,0,0,0,0,0,0,0,0,0,0,0,0,0,0,0,0,0.043348,0.0903468,0.138753,0.187984,0.237848,0.288258,0.339156,0.390494,0.442229,0.494322,0.546745,0.599478,0.652515,0.705864,0.759556,0.813651,0.868258,0.921395,0.96786,1.00044,1.01304,1.01228,1.00957,1.00526,1.00099,0.999416,0.999526,0.999787,0.99999,1.00003,1.00001,1,0.999999,0.999999,1,1,1,1,1,1,1,1,1,1,1,1,1,1,1,1,1,1,1,1,0.999993,0.999907,0.998771,0.984083,0.818808,0.169854,0.000173122,3.48421e-10,2.23281e-22,7.92385e-48,2.88892e-100,2.23822e-208,0,0,0,0,0,0,0,0,0,0.351351
0,0,0,0,0,0,0,0,0,0,0,0,0,0,0,0,0,0,0,0,0,0,0,0,0.0430413,0.0897007,0.13775,0.186609,0.236088,0.286103,0.336598,0.387524,0.438841,0.49051,0.542504,0.594802,0.647396,0.700294,0.753523,0.807138,0.86128,0.914486,0.961989,0.996865,1.01254,1.01241,1.0101,1.00604,1.00151,0.999475,0.999507,0.999738,0.999968,1.00003,1.00002,1,0.999999,0.999999,1,1,1,1,1,1,1,1,1,1,1,1,1,1,1,1,1,1,1,1,0.999994,0.999923,0.998984,0.986812,0.846508,0.213217,0.000185362,5.96207e-10,1.573e-21,1.84088e-45,1.14879e-94,1.63097e-196,0,0,0,0,0,0,0,0,0,0.354344
0,0,0,0,0,0,0,0,0,0,0,0,0,0,0,0,0,0,0,0,0,0,0,0,0.0427388,0.0890637,0.13676,0.185253,0.234354,0.28398,0.334078,0.384599,0.435504,0.486757,0.538328,0.590197,0.642357,0.694812,0.747587,0.800732,0.854391,0.907563,0.955926,0.992894,1.0115,1.01269,1.01057,1.00678,1.00212,0.999574,0.999505,0.99969,0.999941,1.00003,1.00002,1.00001,0.999999,0.999999,1,1,1,1,1,1,1,1,1,1,1,1,1,1,1,1,1,1,1,1,0.999995,0.999937,0.99916,0.989079,0.870472,0.260718,0.00033353,9.5252e-10,5.16396e-21,4.42554e-44,4.17945e-91,4.86057e-187,0,0,0,0,0,0,0,0,0,0.357336
0,0,0,0,0,0,0,0,0,0,0,0,0,0,0,0,0,0,0,0,0,0,0,0,0.0424406,0.0884357,0.135785,0.183917,0.232646,0.28189,0.331596,0.38172,0.432221,0.483063,0.534218,0.585667,0.637399,0.689419,0.741748,0.794435,0.847602,0.900652,0.949709,0.988571,1.00996,1.01301,1.01102,1.00747,1.00281,0.999793,0.999452,0.999649,0.999905,1.00002,1.00002,1.00001,1,0.999999,1,1,1,1,1,1,1,1,1,1,1,1,1,1,1,1,1,1,1,1,0.999996,0.999948,0.999306,0.990959,0.891045,0.311682,0.00082033,2.43148e-09,1.63297e-20,4.38673e-43,8.14023e-89,1.844e-181,0,0,0,0,0,0,0,0,0,0.360328
0,0,0,0,0,0,0,0,0,0,0,0,0,0,0,0,0,0,0,0,0,0,0,0,0.0421466,0.0878169,0.134824,0.182601,0.230964,0.279832,0.329154,0.378886,0.428988,0.479427,0.530174,0.581209,0.632521,0.684114,0.736007,0.788242,0.840919,0.89377,0.943366,0.983924,1.00803,1.01321,1.01143,1.00811,1.00353,1.00008,0.999416,0.999606,0.999868,1.00002,1.00002,1.00001,1,0.999999,1,1,1,1,1,1,1,1,1,1,1,1,1,1,1,1,1,1,1,1,0.999997,0.999957,0.999426,0.992516,0.908596,0.365397,0.0019029,1.12444e-08,1.32851e-19,6.97727e-42,8.11486e-87,2.05283e-177,0,0,0,0,0,0,0,0,0,0.363319
0,0,0,0,0,0,0,0,0,0,0,0,0,0,0,0,0,0,0,0,0,0,0,0,0.0418567,0.0872068,0.133877,0.181305,0.229307,0.277805,0.326748,0.376095,0.425806,0.475848,0.526193,0.576821,0.627721,0.678894,0.730358,0.782152,0.834355,0.886919,0.936925,0.978982,1.0057,1.01326,1.0118,1.00871,1.00427,1.00044,0.999402,0.999566,0.999827,1,1.00002,1.00001,1,0.999999,0.999999,1,1,1,1,1,1,1,1,1,1,1,1,1,1,1,1,1,1,1,0.999997,0.999964,0.999526,0.993806,0.923497,0.421137,0.00388545,5.50537e-08,2.93728e-18,1.31595e-39,1.69485e-83,1.10091e-172,0,0,0,0,0,0,0,0,0,0.366309
0,0,0,0,0,0,0,0,0,0,0,0,0,0,0,0,0,0,0,0,0,0,0,0,0.0415707,0.0866053,0.132944,0.180027,0.227674,0.275808,0.324379,0.373346,0.422673,0.472324,0.522274,0.572501,0.622996,0.673757,0.724799,0.77616,0.827907,0.880115,0.93041,0.973775,1.00297,1.01313,1.01209,1.00928,1.00502,1.00087,0.999418,0.999534,0.999784,0.999987,1.00003,1.00001,1,0.999999,0.999999,1,1,1,1,1,1,1,1,1,1,1,1,1,1,1,1,1,1,1,0.999998,0.99997,0.999608,0.994875,0.936095,0.478176,0.00710949,2.2574e-07,6.22441e-17,7.18438e-37,3.42276e-78,1.24455e-163,0,0,0,0,0,0,0,0,0,0.3693
0,0,0,0,0,0,0,0,0,0,0,0,0,0,0,0,0,0,0,0,0,0,0,0,0.0412887,0.0860119,0.132024,0.178768,0.226065,0.27384,0.322045,0.370639,0.419586,0.468853,0.518414,0.568247,0.618343,0.668698,0.719328,0.770263,0.821567,0.873375,0.923842,0.968332,0.999844,1.01279,1.01228,1.00982,1.00578,1.00137,0.999467,0.999513,0.999737,0.999965,1.00003,1.00002,1,0.999999,0.999999,1,1,1,1,1,1,1,1,1,1,1,1,1,1,1,1,1,1,1,0.999998,0.999976,0.999676,0.99576,0.94671,0.535119,0.0126207,7.7646e-07,9.29889e-16,2.35006e-34,7.06707e-73,1.10353e-152,5.65767e-318,0,0,0,0,0,0,0,0,0.372292
0,0,0,0,0,0,0,0,0,0,0,0,0,0,0,0,0,0,0,0,0,0,0,0,0.0410103,0.0854265,0.131116,0.177525,0.224478,0.2719,0.319744,0.36797,0.416544,0.465433,0.51461,0.564057,0.613759,0.663717,0.713939,0.764457,0.815328,0.866709,0.917242,0.962683,0.996337,1.01224,1.01236,1.01031,1.00651,1.00195,0.999555,0.999507,0.999691,0.999937,1.00003,1.00002,1.00001,0.999999,0.999999,1,1,1,1,1,1,1,1,1,1,1,1,1,1,1,1,1,1,1,0.999999,0.99998,0.999732,0.996493,0.955628,0.589681,0.0223984,2.53853e-06,1.06605e-14,3.92165e-32,3.74216e-68,1.27035e-142,1.02926e-296,0,0,0,0,0,0,0,0,0.375285
0,0,0,0,0,0,0,0,0,0,0,0,0,0,0,0,0,0,0,0,0,0,0,0,0.0407355,0.0848489,0.13022,0.1763,0.222914,0.269987,0.317475,0.36534,0.413546,0.462062,0.510863,0.559927,0.609244,0.658809,0.708632,0.75874,0.809188,0.860125,0.91063,0.956857,0.992465,1.01101,1.01272,1.01074,1.0072,1.00261,0.999756,0.999456,0.99965,0.999902,1.00002,1.00002,1.00001,1,0.999999,1,1,1,1,1,1,1,1,1,1,1,1,1,1,1,1,1,1,1,0.999999,0.999983,0.999779,0.9971,0.9631,0.640901,0.037128,7.89809e-06,1.12492e-13,4.75928e-30,6.80531e-64,9.94675e-134,8.10284e-278,0,0,0,0,0,0,0,0,0.378278
0,0,0,0,0,0,0,0,0,0,0,0,0,0,0,0,0,0,0,0,0,0,0,0,0.0404645,0.0842793,0.129337,0.175093,0.221372,0.268103,0.315241,0.362749,0.410593,0.458743,0.507172,0.555862,0.604798,0.653977,0.703408,0.753115,0.803146,0.853635,0.904029,0.950888,0.988265,1.00942,1.01299,1.01116,1.00784,1.00331,1.00003,0.999419,0.999608,0.999866,1.00002,1.00002,1.00001,1,0.999999,0.999999,1,1,1,1,1,1,1,1,1,1,1,1,1,1,1,1,1,1,0.999999,0.999986,0.999817,0.997602,0.969343,0.688099,0.0571876,2.20374e-05,1.03237e-12,4.80657e-28,8.60843e-60,2.16421e-125,8.85336e-261,0,0,0,0,0,0,0,0,0.381269
0,0,0,0,0,0,0,0,0,0,0,0,0,0,0,0,0,0,0,0,0,0,0,0,0.0401971,0.0837174,0.128467,0.173902,0.219852,0.266245,0.313039,0.360196,0.407684,0.455473,0.503537,0.551857,0.60042,0.64922,0.698265,0.747577,0.797201,0.847242,0.897455,0.944803,0.983762,1.00745,1.01313,1.01154,1.00843,1.00404,1.00036,0.999403,0.999569,0.999826,1,1.00002,1.00001,1,0.999999,0.999999,1,1,1,1,1,1,1,1,1,1,1,1,1,1,1,1,1,1,0.999999,0.999989,0.999849,0.998017,0.974549,0.730927,0.0827086,5.44598e-05,7.64221e-12,3.40546e-26,6.41615e-56,2.26157e-117,2.26513e-244,0,0,0,0,0,0,0,0,0.38426
0,0,0,0,0,0,0,0,0,0,0,0,0,0,0,0,0,0,0,0,0,0,0,0,0.0399333,0.0831632,0.127608,0.172728,0.218354,0.264415,0.310868,0.35768,0.404817,0.452251,0.499956,0.547912,0.596107,0.644534,0.6932,0.742124,0.791349,0.840959,0.890906,0.938628,0.978984,1.00511,1.01312,1.01186,1.009,1.00477,1.00077,0.999414,0.999535,0.999783,0.999985,1.00003,1.00002,1,0.999999,0.999999,1,1,1,1,1,1,1,1,1,1,1,1,1,1,1,1,1,1,0.999999,0.999991,0.999875,0.99836,0.978886,0.769275,0.113615,0.000120507,4.52183e-11,1.55859e-24,2.10013e-52,5.77117e-110,6.9887e-229,0,0,0,0,0,0,0,0,0.387251
0,0,0,0,0,0,0,0,0,0,0,0,0,0,0,0,0,0,0,0,0,0,0,0,0.0396729,0.0826163,0.126761,0.17157,0.216876,0.262609,0.308729,0.3552,0.401992,0.449076,0.496427,0.544025,0.591857,0.639918,0.688211,0.736754,0.785586,0.834781,0.884401,0.932383,0.973957,1.0024,1.01293,1.01211,1.00954,1.00552,1.00124,0.999457,0.999513,0.999737,0.999964,1.00003,1.00002,1,0.999999,0.999999,1,1,1,1,1,1,1,1,1,1,1,1,1,1,1,1,1,1,0.999999,0.999992,0.999897,0.998644,0.982494,0.803212,0.149791,0.000120507,1.64667e-10,4.68162e-23,2.88364e-49,2.58962e-103,8.02682e-215,0,0,0,0,0,0,0,0,0.390243
0,0,0,0,0,0,0,0,0,0,0,0,0,0,0,0,0,0,0,0,0,0,0,0,0.0394159,0.0820764,0.125925,0.170428,0.215419,0.260829,0.306619,0.352755,0.399207,0.445946,0.492948,0.540193,0.587669,0.635368,0.683295,0.731464,0.77991,0.828701,0.877955,0.926089,0.96871,0.999313,1.01254,1.01225,1.01003,1.00623,1.0018,0.999537,0.999505,0.999691,0.999936,1.00003,1.00002,1.00001,0.999999,0.999999,1,1,1,1,1,1,1,1,1,1,1,1,1,1,1,1,1,1,1,0.999994,0.999915,0.998879,0.985492,0.832945,0.190848,0.000120515,2.84139e-10,3.50525e-22,8.68322e-47,2.17835e-97,2.85847e-202,0,0,0,0,0,0,0,0,0.393235
0,0,0,0,0,0,0,0,0,0,0,0,0,0,0,0,0,0,0,0,0,0,0,0,0.0391621,0.0815435,0.125099,0.1693,0.21398,0.259073,0.304538,0.350343,0.396459,0.442859,0.489517,0.536415,0.58354,0.630883,0.678449,0.726249,0.774318,0.822714,0.871577,0.919765,0.96327,0.995864,1.01193,1.01228,1.01048,1.00692,1.00242,0.999722,0.999455,0.99965,0.999902,1.00002,1.00002,1.00001,1,0.999999,1,1,1,1,1,1,1,1,1,1,1,1,1,1,1,1,1,1,1,0.999995,0.999929,0.999073,0.987983,0.858768,0.236337,0.000178598,4.17635e-10,1.14793e-21,2.21915e-45,1.00684e-93,2.39734e-192,0,0,0,0,0,0,0,0,0.396229
0,0,0,0,0,0,0,0,0,0,0,0,0,0,0,0,0,0,0,0,0,0,0,0,0.0389114,0.0810173,0.124285,0.168188,0.212561,0.25734,0.302485,0.347965,0.39375,0.439815,0.486135,0.53269,0.579469,0.626462,0.673672,0.721111,0.768807,0.816818,0.865275,0.91343,0.957666,0.992072,1.01065,1.01263,1.01086,1.00757,1.0031,0.999972,0.999418,0.999608,0.999865,1.00001,1.00002,1.00001,1,0.999999,0.999999,1,1,1,1,1,1,1,1,1,1,1,1,1,1,1,1,1,1,0.999996,0.999942,0.999234,0.99005,0.881021,0.285645,0.000466157,8.48973e-10,3.02707e-21,2.03549e-44,2.01385e-91,1.15991e-186,0,0,0,0,0,0,0,0,0.399221
0,0,0,0,0,0,0,0,0,0,0,0,0,0,0,0,0,0,0,0,0,0,0,0,0.038664,0.0804981,0.123481,0.16709,0.211162,0.255631,0.300461,0.34562,0.39108,0.436815,0.482801,0.52902,0.575457,0.622106,0.668966,0.716049,0.763381,0.811013,0.85906,0.907106,0.951929,0.987974,1.00901,1.01287,1.01123,1.00817,1.00381,1.00029,0.999401,0.999568,0.999825,1,1.00003,1.00001,1,0.999999,0.999999,1,1,1,1,1,1,1,1,1,1,1,1,1,1,1,1,1,1,0.999996,0.999952,0.999366,0.991764,0.900061,0.338066,0.00121369,3.92409e-09,1.64607e-20,1.82877e-43,1.26912e-89,9.93302e-183,0,0,0,0,0,0,0,0,0.402213
0,0,0,0,0,0,0,0,0,0,0,0,0,0,0,0,0,0,0,0,0,0,0,0,0.0384198,0.0799856,0.122688,0.166008,0.209781,0.253946,0.298465,0.343308,0.388447,0.433857,0.479515,0.525401,0.571503,0.617813,0.664329,0.711062,0.758035,0.805296,0.852936,0.900803,0.946085,0.983594,1.00702,1.01298,1.01157,1.00872,1.00454,1.00068,0.999408,0.999534,0.999783,0.999983,1.00003,1.00002,1,0.999999,0.999999,1,1,1,1,1,1,1,1,1,1,1,1,1,1,1,1,1,1,0.999997,0.99996,0.999476,0.993183,0.916263,0.392883,0.00270294,2.27979e-08,4.06574e-19,1.98195e-41,4.80729e-87,6.0247e-179,0,0,0,0,0,0,0,0,0.405205
0,0,0,0,0,0,0,0,0,0,0,0,0,0,0,0,0,0,0,0,0,0,0,0,0.0381787,0.0794798,0.121906,0.164939,0.208419,0.252284,0.296496,0.341027,0.38585,0.43094,0.476274,0.521834,0.567605,0.61358,0.659758,0.706146,0.752767,0.799665,0.846915,0.894524,0.940155,0.978957,1.00467,1.01293,1.01186,1.00924,1.00527,1.00113,0.999445,0.999511,0.999737,0.999961,1.00003,1.00002,1.00001,0.999999,0.999999,1,1,1,1,1,1,1,1,1,1,1,1,1,1,1,1,1,1,0.999998,0.999967,0.999567,0.994359,0.929989,0.449367,0.00525819,1.08641e-07,1.18938e-17,1.88761e-38,1.22866e-81,6.42048e-171,0,0,0,0,0,0,0,0,0.408197
0,0,0,0,0,0,0,0,0,0,0,0,0,0,0,0,0,0,0,0,0,0,0,0,0.0379406,0.0789803,0.121133,0.163885,0.207075,0.250643,0.294554,0.338778,0.383289,0.428064,0.473079,0.518316,0.563762,0.609407,0.655251,0.701301,0.747575,0.794115,0.840989,0.888288,0.934159,0.974089,1.00196,1.01271,1.01206,1.00974,1.00597,1.00165,0.999517,0.999501,0.999691,0.999934,1.00003,1.00002,1.00001,1,0.999999,1,1,1,1,1,1,1,1,1,1,1,1,1,1,1,1,1,1,0.999998,0.999973,0.999642,0.995333,0.941572,0.506793,0.00923555,4.13812e-07,2.30897e-16,1.11513e-35,9.08652e-76,5.2496e-159,0,0,0,0,0,0,0,0,0.411189
0,0,0,0,0,0,0,0,0,0,0,0,0,0,0,0,0,0,0,0,0,0,0,0,0.0377054,0.078487,0.12037,0.162843,0.205749,0.249025,0.292637,0.336558,0.380762,0.425225,0.469926,0.514846,0.55997,0.605291,0.650807,0.696523,0.742457,0.788645,0.835152,0.882107,0.928117,0.969017,0.998898,1.01228,1.01217,1.01019,1.00664,1.00225,0.999689,0.999452,0.99965,0.9999,1.00002,1.00002,1.00001,1,0.999999,0.999999,1,1,1,1,1,1,1,1,1,1,1,1,1,1,1,1,1,0.999998,0.999978,0.999704,0.996139,0.951317,0.562695,0.0167732,1.36543e-06,3.00287e-15,2.85004e-33,1.3623e-70,6.4163e-148,2.81363e-308,0,0,0,0,0,0,0,0.414182
0,0,0,0,0,0,0,0,0,0,0,0,0,0,0,0,0,0,0,0,0,0,0,0,0.037473,0.0779997,0.119616,0.161815,0.204439,0.247426,0.290745,0.334367,0.378268,0.422425,0.466815,0.511421,0.556229,0.601231,0.646422,0.69181,0.737408,0.783252,0.829399,0.875989,0.922047,0.963765,0.995493,1.0114,1.01241,1.01059,1.00729,1.0029,0.999923,0.999415,0.999607,0.999864,1.00001,1.00002,1.00001,1,0.999999,0.999999,1,1,1,1,1,1,1,1,1,1,1,1,1,1,1,1,1,0.999999,0.999981,0.999755,0.996807,0.959493,0.615697,0.0289594,4.4391e-06,3.32e-14,3.89355e-31,4.20128e-66,2.7601e-138,1.42336e-287,0,0,0,0,0,0,0,0.417175
0,0,0,0,0,0,0,0,0,0,0,0,0,0,0,0,0,0,0,0,0,0,0,0,0.0372435,0.0775184,0.118872,0.1608,0.203146,0.245849,0.288878,0.332206,0.375808,0.419662,0.463746,0.508044,0.55254,0.597226,0.642099,0.687163,0.732432,0.777937,0.823732,0.869946,0.915969,0.958364,0.991777,1.01008,1.01269,1.01098,1.00788,1.00359,1.00022,0.999397,0.999567,0.999824,1,1.00003,1.00001,1,0.999999,0.999999,1,1,1,1,1,1,1,1,1,1,1,1,1,1,1,1,1,0.999999,0.999985,0.999798,0.997359,0.966331,0.664971,0.0463202,1.32248e-05,3.36689e-13,4.52033e-29,6.43635e-62,9.68697e-130,1.28715e-269,0,0,0,0,0,0,0,0.420168
0,0,0,0,0,0,0,0,0,0,0,0,0,0,0,0,0,0,0,0,0,0,0,0,0.0370168,0.0770433,0.118138,0.159798,0.20187,0.244293,0.287036,0.330073,0.373381,0.416937,0.46072,0.504713,0.548902,0.593277,0.637836,0.682581,0.727526,0.772698,0.818148,0.863982,0.909901,0.952838,0.987774,1.00843,1.01286,1.01133,1.00844,1.0043,1.00059,0.999401,0.999532,0.999782,0.999982,1.00003,1.00002,1,0.999999,0.999999,1,1,1,1,1,1,1,1,1,1,1,1,1,1,1,1,1,0.999999,0.999987,0.999833,0.997816,0.972039,0.71002,0.069107,3.48571e-05,2.82161e-12,4.01276e-27,7.01504e-58,1.76329e-121,7.08485e-253,0,0,0,0,0,0,0,0.42316
0,0,0,0,0,0,0,0,0,0,0,0,0,0,0,0,0,0,0,0,0,0,0,0,0.0367929,0.076574,0.117413,0.158809,0.20061,0.242757,0.285218,0.327969,0.370986,0.414248,0.457734,0.501427,0.545313,0.589382,0.633632,0.678063,0.722689,0.767533,0.812645,0.858109,0.903846,0.947212,0.983506,1.00643,1.0129,1.01165,1.00896,1.005,1.00102,0.999433,0.999507,0.999736,0.99996,1.00003,1.00002,1.00001,0.999999,0.999999,1,1,1,1,1,1,1,1,1,1,1,1,1,1,1,1,1,0.999999,0.99999,0.999862,0.998194,0.976797,0.750619,0.0973425,8.1567e-05,1.87849e-11,2.33562e-25,3.7093e-54,1.10406e-113,9.99334e-237,0,0,0,0,0,0,0,0.426151
0,0,0,0,0,0,0,0,0,0,0,0,0,0,0,0,0,0,0,0,0,0,0,0,0.0365717,0.0761105,0.116696,0.157833,0.199366,0.24124,0.283424,0.325892,0.368623,0.411595,0.454788,0.498185,0.541772,0.58554,0.629484,0.673607,0.717918,0.762441,0.807219,0.852328,0.897817,0.941506,0.978997,1.00409,1.01279,1.01189,1.00946,1.0057,1.00151,0.999499,0.999495,0.99969,0.999934,1.00003,1.00002,1.00001,1,0.999999,1,1,1,1,1,1,1,1,1,1,1,1,1,1,1,1,1,0.999999,0.999991,0.999886,0.998506,0.980757,0.786753,0.130865,0.000172121,1.00605e-10,8.7224e-24,8.06827e-51,1.28953e-106,7.81347e-222,0,0,0,0,0,0,0,0.429143
0,0,0,0,0,0,0,0,0,0,0,0,0,0,0,0,0,0,0,0,0,0,0,0,0.0363531,0.0756525,0.115989,0.156868,0.198138,0.239743,0.281652,0.323842,0.36629,0.408976,0.45188,0.494985,0.538277,0.581748,0.625392,0.66921,0.713211,0.757418,0.80187,0.846634,0.891828,0.935738,0.974273,1.00141,1.01251,1.01206,1.00992,1.00636,1.00208,0.999657,0.999448,0.999648,0.9999,1.00002,1.00002,1.00001,1,0.999999,0.999999,1,1,1,1,1,1,1,1,1,1,1,1,1,1,1,1,0.999999,0.999993,0.999906,0.998765,0.98405,0.818565,0.169533,0.00017212,3.44368e-10,2.179e-22,7.51763e-48,2.57846e-100,1.7511e-208,0,0,0,0,0,0,0,0.432136
0,0,0,0,0,0,0,0,0,0,0,0,0,0,0,0,0,0,0,0,0,0,0,0,0.0361371,0.0751999,0.11529,0.155915,0.196925,0.238264,0.279903,0.321817,0.363987,0.40639,0.449009,0.491826,0.534828,0.578005,0.621352,0.66487,0.708567,0.752463,0.796593,0.841021,0.885891,0.929927,0.969356,0.998392,1.01203,1.01213,1.01035,1.007,1.0027,0.999874,0.999412,0.999605,0.999863,1.00001,1.00002,1.00001,1,0.999999,0.999999,1,1,1,1,1,1,1,1,1,1,1,1,1,1,1,1,1,0.999994,0.999922,0.998979,0.986786,0.846309,0.212883,0.000183958,5.89324e-10,1.53733e-21,1.75705e-45,1.04313e-94,1.32341e-196,0,0,0,0,0,0,0,0.43513
0,0,0,0,0,0,0,0,0,0,0,0,0,0,0,0,0,0,0,0,0,0,0,0,0.0359236,0.0747526,0.114599,0.154973,0.195727,0.236803,0.278175,0.319818,0.361712,0.403837,0.446174,0.488707,0.531423,0.57431,0.617365,0.660587,0.703984,0.747573,0.791387,0.835486,0.880015,0.92409,0.964273,0.99505,1.01098,1.01244,1.01072,1.00761,1.00337,1.00015,0.999392,0.999564,0.999823,1,1.00003,1.00002,1,0.999999,0.999999,1,1,1,1,1,1,1,1,1,1,1,1,1,1,1,1,1,0.999995,0.999936,0.999156,0.989057,0.870309,0.260375,0.000330549,9.39978e-10,5.04506e-21,4.22893e-44,3.81568e-91,4.03846e-187,0,0,0,0,0,0,0,0.438123
0,0,0,0,0,0,0,0,0,0,0,0,0,0,0,0,0,0,0,0,0,0,0,0,0.0357126,0.0743107,0.113916,0.154044,0.194543,0.235361,0.276469,0.317844,0.359467,0.401317,0.443377,0.48563,0.528062,0.570665,0.613431,0.656362,0.699463,0.74275,0.786254,0.830031,0.874209,0.918248,0.959052,0.991417,1.00962,1.01267,1.01109,1.00817,1.00405,1.0005,0.999393,0.999529,0.999781,0.999982,1.00003,1.00002,1,0.999999,0.999999,1,1,1,1,1,1,1,1,1,1,1,1,1,1,1,1,1,0.999996,0.999947,0.999302,0.99094,0.890908,0.311328,0.000814314,2.39427e-09,1.59032e-20,4.18253e-43,7.42708e-89,1.53854e-181,0,0,0,0,0,0,0,0.441116
0,0,0,0,0,0,0,0,0,0,0,0,0,0,0,0,0,0,0,0,0,0,0,0,0.0355041,0.0738742,0.113242,0.153125,0.193375,0.233937,0.274785,0.315896,0.357251,0.39883,0.440616,0.482593,0.524746,0.567067,0.60955,0.652193,0.695002,0.737992,0.781192,0.824652,0.868477,0.912414,0.953714,0.987512,1.00793,1.0128,1.01142,1.00869,1.00475,1.0009,0.999421,0.999503,0.999735,0.99996,1.00003,1.00002,1.00001,0.999999,0.999999,1,1,1,1,1,1,1,1,1,1,1,1,1,1,1,1,1,0.999997,0.999956,0.999423,0.992501,0.908484,0.365043,0.00189232,1.10917e-08,1.29011e-19,6.59969e-42,7.33773e-87,1.69978e-177,0,0,0,0,0,0,0,0.444108
0,0,0,0,0,0,0,0,0,0,0,0,0,0,0,0,0,0,0,0,0,0,0,0,0.0352981,0.0734428,0.112576,0.152218,0.192221,0.232531,0.273122,0.313972,0.355063,0.396375,0.437891,0.479594,0.521473,0.563516,0.605719,0.648078,0.690601,0.733298,0.776198,0.819347,0.862832,0.906592,0.948283,0.983358,1.00592,1.01279,1.0117,1.00919,1.00544,1.00137,0.99948,0.999489,0.999689,0.999934,1.00003,1.00002,1.00001,1,0.999999,0.999999,1,1,1,1,1,1,1,1,1,1,1,1,1,1,1,1,0.999997,0.999964,0.999523,0.993794,0.923407,0.420795,0.00386894,5.447e-08,2.8655e-18,1.24562e-39,1.51012e-83,8.83412e-173,0,0,0,0,0,0,0,0.4471
0,0,0,0,0,0,0,0,0,0,0,0,0,0,0,0,0,0,0,0,0,0,0,0,0.0350944,0.0730164,0.111918,0.151322,0.19108,0.231142,0.271479,0.312072,0.352902,0.39395,0.435199,0.476634,0.518241,0.560011,0.601937,0.644017,0.686256,0.728666,0.771271,0.814114,0.857271,0.900795,0.942777,0.978977,1.00358,1.01263,1.01191,1.00966,1.0061,1.00191,0.999609,0.999456,0.999648,0.999899,1.00002,1.00002,1.00001,1,0.999999,0.999999,1,1,1,1,1,1,1,1,1,1,1,1,1,1,1,1,0.999998,0.99997,0.999606,0.994865,0.936024,0.477853,0.00708604,2.23886e-07,6.10602e-17,6.87866e-37,3.10259e-78,1.00043e-163,0,0,0,0,0,0,0,0.450092
0,0,0,0,0,0,0,0,0,0,0,0,0,0,0,0,0,0,0,0,0,0,0,0,0.0348931,0.072595,0.111268,0.150436,0.189953,0.229769,0.269856,0.310196,0.350768,0.391556,0.432542,0.473711,0.51505,0.556549,0.598202,0.640007,0.681967,0.724094,0.766408,0.80895,0.85179,0.895036,0.937214,0.974392,1.00091,1.0123,1.01204,1.01009,1.00673,1.00251,0.99981,0.999417,0.999606,0.999862,1.00001,1.00002,1.00001,1,0.999999,0.999999,1,1,1,1,1,1,1,1,1,1,1,1,1,1,1,1,0.999998,0.999975,0.999674,0.995752,0.946654,0.534833,0.0125792,7.71179e-07,9.16096e-16,2.27216e-34,6.54942e-73,9.28664e-153,3.82533e-318,0,0,0,0,0,0,0.453085
0,0,0,0,0,0,0,0,0,0,0,0,0,0,0,0,0,0,0,0,0,0,0,0,0.034694,0.0721782,0.110625,0.14956,0.18884,0.228413,0.268253,0.308341,0.348659,0.38919,0.429916,0.470823,0.511898,0.55313,0.594514,0.636047,0.677732,0.719579,0.761607,0.803854,0.846384,0.889326,0.931611,0.969627,0.997927,1.01178,1.01207,1.01048,1.00733,1.00315,1.00007,0.999394,0.999566,0.999823,1,1.00003,1.00002,1,0.999999,0.999999,1,1,1,1,1,1,1,1,1,1,1,1,1,1,1,1,0.999998,0.999979,0.99973,0.996486,0.955584,0.589435,0.0223387,2.52312e-06,1.05237e-14,3.81605e-32,3.52732e-68,1.11164e-142,7.60345e-297,0,0,0,0,0,0,0.456079
0,0,0,0,0,0,0,0,0,0,0,0,0,0,0,0,0,0,0,0,0,0,0,0,0.0344971,0.0717662,0.109989,0.148694,0.187739,0.227072,0.266668,0.306509,0.346576,0.386853,0.427322,0.46797,0.508784,0.549753,0.590872,0.632136,0.67355,0.715121,0.756868,0.798825,0.841051,0.883675,0.925985,0.964707,0.994635,1.01068,1.01237,1.01082,1.00791,1.00382,1.0004,0.99939,0.999531,0.99978,0.999982,1.00003,1.00002,1,0.999999,0.999999,1,1,1,1,1,1,1,1,1,1,1,1,1,1,1,1,0.999999,0.999983,0.999777,0.997094,0.963065,0.640686,0.037049,7.85727e-06,1.11212e-13,4.64466e-30,6.46547e-64,8.92479e-134,6.4018e-278,0,0,0,0,0,0,0.459073
0,0,0,0,0,0,0,0,0,0,0,0,0,0,0,0,0,0,0,0,0,0,0,0,0.0343025,0.071359,0.109361,0.147839,0.186652,0.225748,0.265103,0.304699,0.344519,0.384545,0.424761,0.465154,0.50571,0.546419,0.587276,0.628276,0.669422,0.710721,0.752191,0.793862,0.835791,0.878089,0.920355,0.959656,0.99107,1.00927,1.01258,1.01115,1.00843,1.0045,1.00078,0.999411,0.999503,0.999736,0.99996,1.00003,1.00002,1.00001,0.999999,0.999999,1,1,1,1,1,1,1,1,1,1,1,1,1,1,1,1,0.999999,0.999986,0.999816,0.997597,0.969315,0.687917,0.0570925,2.1945e-05,1.02254e-12,4.70683e-28,8.22801e-60,1.9651e-125,7.22065e-261,0,0,0,0,0,0,0.462066
0,0,0,0,0,0,0,0,0,0,0,0,0,0,0,0,0,0,0,0,0,0,0,0,0.0341101,0.0709565,0.10874,0.146994,0.185577,0.22444,0.263557,0.302912,0.342487,0.382265,0.422232,0.462372,0.502674,0.543127,0.583725,0.624464,0.665346,0.706377,0.747574,0.788966,0.830602,0.872575,0.914733,0.954497,0.987249,1.00755,1.01267,1.01144,1.00892,1.00519,1.00122,0.999461,0.999487,0.99969,0.999934,1.00003,1.00002,1.00001,1,0.999999,0.999999,1,1,1,1,1,1,1,1,1,1,1,1,1,1,1,0.999999,0.999988,0.999848,0.998013,0.974528,0.73078,0.0826026,5.42795e-05,7.58363e-12,3.34751e-26,6.17857e-56,2.08196e-117,1.89282e-244,0,0,0,0,0,0,0.465058
0,0,0,0,0,0,0,0,0,0,0,0,0,0,0,0,0,0,0,0,0,0,0,0,0.0339199,0.0705585,0.108126,0.146159,0.184515,0.223147,0.26203,0.301146,0.340479,0.380013,0.419733,0.459625,0.499676,0.539876,0.580218,0.6207,0.661322,0.702089,0.743017,0.784133,0.825482,0.867144,0.909119,0.94925,0.983193,1.00552,1.01264,1.01169,1.00939,1.00584,1.00174,0.999577,0.999454,0.999648,0.9999,1.00002,1.00002,1.00001,1,0.999999,0.999999,1,1,1,1,1,1,1,1,1,1,1,1,1,1,1,0.999999,0.99999,0.999874,0.998356,0.978869,0.76916,0.113504,0.000120198,4.49461e-11,1.53751e-24,2.03753e-52,5.39473e-110,6.01779e-229,0,0,0,0,0,0,0.468051
0,0,0,0,0,0,0,0,0,0,0,0,0,0,0,0,0,0,0,0,0,0,0,0,0.0337317,0.070165,0.107519,0.145333,0.183466,0.22187,0.26052,0.299401,0.338496,0.377789,0.417265,0.456911,0.496713,0.536664,0.576755,0.616982,0.657347,0.697854,0.738517,0.779361,0.820429,0.86179,0.903531,0.943932,0.978926,1.00317,1.01245,1.01187,1.00982,1.00647,1.00232,0.999762,0.999415,0.999606,0.999863,1.00001,1.00002,1.00001,1,0.999999,0.999999,1,1,1,1,1,1,1,1,1,1,1,1,1,1,1,0.999999,0.999992,0.999896,0.998641,0.982481,0.803126,0.149682,0.000120197,1.63839e-10,4.63236e-23,2.81616e-49,2.45528e-103,7.12175e-215,0,0,0,0,0,0,0.471043
0,0,0,0,0,0,0,0,0,0,0,0,0,0,0,0,0,0,0,0,0,0,0,0,0.0335457,0.0697758,0.106919,0.144516,0.182428,0.220606,0.259028,0.297676,0.336535,0.37559,0.414826,0.454229,0.493787,0.53349,0.573333,0.613309,0.65342,0.693671,0.734073,0.774649,0.81544,0.856509,0.897982,0.93856,0.974467,1.00051,1.01209,1.01197,1.01022,1.00706,1.00294,1.00001,0.99939,0.999566,0.999823,1,1.00003,1.00002,1,0.999999,0.999999,1,1,1,1,1,1,1,1,1,1,1,1,1,1,1,1,0.999993,0.999914,0.998876,0.985483,0.832883,0.190747,0.000120203,2.82755e-10,3.47162e-22,8.51481e-47,2.0905e-97,2.60383e-202,0,0,0,0,0,0,0.474037
0,0,0,0,0,0,0,0,0,0,0,0,0,0,0,0,0,0,0,0,0,0,0,0,0.0333616,0.0693908,0.106325,0.143709,0.181402,0.219358,0.257553,0.295971,0.334597,0.373417,0.412415,0.451578,0.490894,0.530354,0.569951,0.60968,0.64954,0.689537,0.729682,0.769995,0.810513,0.851296,0.89248,0.933151,0.96984,0.997548,1.01133,1.01218,1.01057,1.00763,1.00359,1.00031,0.999383,0.999529,0.999781,0.999983,1.00003,1.00002,1.00001,0.999999,0.999999,1,1,1,1,1,1,1,1,1,1,1,1,1,1,1,1,0.999995,0.999929,0.999071,0.987976,0.858725,0.236247,0.000178015,4.15558e-10,1.13719e-21,2.17813e-45,9.69734e-94,2.21958e-192,0,0,0,0,0,0,0.477031
0,0,0,0,0,0,0,0,0,0,0,0,0,0,0,0,0,0,0,0,0,0,0,0,0.0331795,0.0690101,0.105738,0.14291,0.180388,0.218123,0.256094,0.294286,0.332682,0.371269,0.410032,0.448958,0.488036,0.527256,0.56661,0.606094,0.645708,0.685455,0.725346,0.765399,0.805649,0.846153,0.887035,0.927723,0.965069,0.994305,1.01019,1.01242,1.01091,1.00816,1.00426,1.00067,0.999399,0.9995,0.999737,0.999961,1.00003,1.00002,1.00001,0.999999,0.999999,0.999999,1,1,1,1,1,1,1,1,1,1,1,1,1,1,1,0.999996,0.999941,0.999232,0.990044,0.880986,0.285554,0.000464975,8.44296e-10,2.99718e-21,1.9974e-44,1.9402e-91,1.07676e-186,0,0,0,0,0,0,0.480024
0,0,0,0,0,0,0,0,0,0,0,0,0,0,0,0,0,0,0,0,0,0,0,0,0.0329994,0.0686336,0.105158,0.142121,0.179385,0.216903,0.254653,0.29262,0.33079,0.369147,0.407678,0.446371,0.485213,0.524195,0.563309,0.602552,0.641922,0.681423,0.721063,0.760861,0.800848,0.841077,0.881653,0.922292,0.960176,0.990802,1.00877,1.01257,1.01123,1.00866,1.00493,1.0011,0.999444,0.999482,0.999691,0.999934,1.00003,1.00002,1.00001,1,0.999999,0.999999,1,1,1,1,1,1,1,1,1,1,1,1,1,1,1,0.999996,0.999951,0.999365,0.991759,0.900034,0.337981,0.00121163,3.9063e-09,1.62921e-20,1.79238e-43,1.22142e-89,9.21681e-183,0,0,0,0,0,0,0.483017
0,0,0,0,0,0,0,0,0,0,0,0,0,0,0,0,0,0,0,0,0,0,0,0,0.0328214,0.0682613,0.104584,0.14134,0.178394,0.215697,0.253229,0.290975,0.32892,0.36705,0.405352,0.443814,0.482423,0.52117,0.560049,0.599053,0.638183,0.67744,0.716834,0.75638,0.796108,0.836067,0.876343,0.916862,0.955181,0.987059,1.00704,1.01262,1.0115,1.00912,1.00558,1.00158,0.99952,0.999478,0.999648,0.999901,1.00002,1.00002,1.00001,1,0.999999,0.999999,1,1,1,1,1,1,1,1,1,1,1,1,1,1,1,0.999997,0.99996,0.999475,0.993179,0.916244,0.392811,0.00269996,2.27292e-08,4.03492e-19,1.94612e-41,4.61774e-87,5.56639e-179,0,0,0,0,0,0,0.48601
0,0,0,0,0,0,0,0,0,0,0,0,0,0,0,0,0,0,0,0,0,0,0,0,0.0326452,0.0678931,0.104017,0.140569,0.177413,0.214504,0.251821,0.289348,0.327071,0.364978,0.403054,0.441287,0.479666,0.518182,0.556827,0.595596,0.634488,0.673505,0.712655,0.751953,0.791426,0.83112,0.871109,0.911444,0.950104,0.983094,1.005,1.01253,1.01173,1.00956,1.0062,1.00213,0.99969,0.999434,0.999611,0.999862,1.00001,1.00003,1.00001,1,0.999999,0.999999,1,1,1,1,1,1,1,1,1,1,1,1,1,1,1,0.999997,0.999967,0.999566,0.994356,0.929977,0.449314,0.00525463,1.08437e-07,1.18366e-17,1.86522e-38,1.19277e-81,5.97481e-171,0,0,0,0,0,0,0.489003
0,0,0,0,0,0,0,0,0,0,0,0,0,0,0,0,0,0,0,0,0,0,0,0,0.0324709,0.0675288,0.103455,0.139805,0.176444,0.213325,0.250428,0.287739,0.325243,0.362929,0.400781,0.438789,0.476941,0.515228,0.553642,0.592179,0.630836,0.669617,0.708527,0.74758,0.786802,0.826235,0.865947,0.906052,0.944959,0.978928,1.00267,1.01229,1.01188,1.00997,1.00679,1.00273,0.999917,0.999402,0.999573,0.999823,1,1.00003,1.00002,1,0.999999,0.999999,1,1,1,1,1,1,1,1,1,1,1,1,1,1,1,0.999998,0.999973,0.999641,0.99533,0.941566,0.506763,0.00923223,4.13375e-07,2.30247e-16,1.10714e-35,8.92145e-76,5.01082e-159,0,0,0,0,0,0,0.491996
0,0,0,0,0,0,0,0,0,0,0,0,0,0,0,0,0,0,0,0,0,0,0,0,0.0322984,0.0671683,0.1029,0.13905,0.175485,0.212159,0.249051,0.286148,0.323436,0.360902,0.398534,0.436319,0.474247,0.512307,0.550494,0.588801,0.627227,0.665773,0.704446,0.743258,0.782233,0.821409,0.860851,0.900698,0.939765,0.974584,1.00003,1.01188,1.01194,1.01035,1.00736,1.00336,1.0002,0.999388,0.999537,0.999782,0.999983,1.00003,1.00002,1.00001,0.999999,0.999999,1,1,1,1,1,1,1,1,1,1,1,1,1,1,1,0.999998,0.999977,0.999703,0.996137,0.951315,0.562689,0.0167712,1.36483e-06,2.99877e-15,2.8392e-33,1.3483e-70,6.24208e-148,2.61792e-308,0,0,0,0,0,0.49499
0,0,0,0,0,0,0,0,0,0,0,0,0,0,0,0,0,0,0,0,0,0,0,0,0.0321277,0.0668115,0.10235,0.138303,0.174536,0.211005,0.247689,0.284575,0.321649,0.358899,0.396312,0.433877,0.471583,0.50942,0.547381,0.585461,0.623658,0.661974,0.700412,0.738987,0.777718,0.816642,0.855819,0.89539,0.934537,0.970081,0.997106,1.01097,1.01222,1.01069,1.0079,1.00401,1.00055,0.999396,0.999507,0.999739,0.999961,1.00003,1.00002,1.00001,0.999999,0.999999,0.999999,1,1,1,1,1,1,1,1,1,1,1,1,1,1,0.999999,0.999981,0.999755,0.996805,0.959494,0.615709,0.0289614,4.43914e-06,3.31892e-14,3.88794e-31,4.18134e-66,2.72101e-138,1.36716e-287,0,0,0,0,0,0.497984
0,0,0,0,0,0,0,0,0,0,0,0,0,0,0,0,0,0,0,0,0,0,0,0,0.0319588,0.0664586,0.101807,0.137564,0.173598,0.209864,0.246342,0.283019,0.319882,0.356918,0.394116,0.431463,0.46895,0.506566,0.544305,0.582161,0.620132,0.658219,0.696427,0.734767,0.773258,0.811934,0.850852,0.890137,0.929292,0.965443,0.993919,1.00979,1.01242,1.01101,1.0084,1.00467,1.00095,0.999431,0.999487,0.999695,0.999935,1.00003,1.00002,1.00001,1,0.999999,0.999999,1,1,1,1,1,1,1,1,1,1,1,1,1,1,0.999999,0.999985,0.999797,0.997358,0.966333,0.664992,0.046327,1.32281e-05,3.36795e-13,4.52098e-29,6.43017e-62,9.63642e-130,1.26362e-269,0,0,0,0,0,0.500977
