0,0,0,0,0,0,0,0,0,0,0,0,0.75,1,1,1,1,1,1,1,1,1,1,1,1,1,1,1,1,1,1,1,1,1,1,1,0.75,0,0,0,0,0,0,0,0,0,0,0,0,0
0,0,0,0,0,0,0,0,0,0,-2.41127e-08,-0.000942886,0.650873,1.02225,1.00291,0.999947,0.999965,1,1,1,1,1,1,1,1,1,1,1,1,1,1,1,1,1,1,1,0.799975,0.0242561,0.000769081,0,0,0,0,0,0,0,0,0,0,0.00399279
0,0,0,0,0,0,0,-5.42558e-38,-8.13837e-37,-5.20241e-17,-1.04961e-07,-0.00155745,0.575719,1.02116,1.00719,0.999185,0.999924,1.00001,1,1,1,1,1,1,1,1,1,1,1,1,1,1,1,1,1,1,0.840714,0.0559365,0.00171523,1.53465e-06,1.64554e-09,0,0,0,0,0,0,0,0,0.00998623
0,0,0,-5.45056e-159,-8.17584e-158,-9.19744e-77,-2.33383e-73,-1.05598e-35,-6.62664e-34,-7.59549e-16,-3.3688e-07,-0.00255272,0.521324,1.00057,1.0094,0.999638,0.999769,1.00004,1,1,1,1,1,1,1,1,1,1,1,1,1,1,1,1,1,1,0.874183,0.0952177,0.00240437,8.16423e-06,8.82516e-09,1.51659e-14,4.48528e-21,0,0,0,0,0,0,0.0160284
0,-7.33661e-316,-2.98568e-302,-1.27748e-151,-1.22585e-144,-4.16531e-72,-1.30466e-68,-1.49739e-33,-9.43329e-32,-7.4724e-15,-9.17992e-07,-0.00360611,0.477759,0.944299,1.03374,1.0025,0.999186,1,1.00001,0.999999,1,1,1,1,1,1,1,1,1,1,1,1,1,1,1,1,0.901544,0.141739,0.00280389,2.69396e-05,2.13457e-08,2.99002e-13,7.33138e-20,1.30805e-30,1.09976e-43,0,0,0,0,0.0219986
0,-2.85206e-297,-2.72068e-283,-4.86913e-143,-4.76346e-136,-4.01043e-68,-1.25726e-64,-1.02605e-31,-6.46414e-30,-4.91593e-14,-1.97615e-06,-0.00452314,0.442268,0.883709,1.05254,1.00972,0.997782,0.999787,1.00006,1,1,1,1,1,1,1,1,1,1,1,1,1,1,1,1,1,0.922861,0.192811,0.00292742,6.73015e-05,3.60875e-08,2.75322e-12,3.8079e-19,2.22898e-28,8.5522e-42,8.97787e-62,3.44453e-88,0,0,0.0278507
5.831e-256,-2.32259e-281,-2.22343e-267,-1.04154e-135,-1.01908e-128,-8.46521e-65,-2.65384e-61,-3.19407e-30,-2.01226e-28,-2.18202e-13,-3.55245e-06,-0.00529836,0.41234,0.822021,1.06551,1.01963,0.99639,0.999326,1.00015,1.00002,0.999996,1,1,1,1,1,1,1,1,1,1,1,1,1,1,1,0.939507,0.247401,0.00287395,0.000140958,4.94047e-08,1.61256e-11,1.14199e-18,1.23124e-26,1.49405e-40,7.2427e-58,3.60201e-85,2.26446e-122,5.07943e-176,0.0336203
2.38186e-240,-4.45052e-268,-4.26066e-254,-9.95667e-130,-9.74199e-123,-4.08329e-62,-1.28011e-58,-5.07858e-29,-3.1995e-27,-7.18908e-13,-5.64196e-06,-0.00594668,0.386472,0.770771,1.06333,1.02988,0.996238,0.998668,1.00024,1.00005,0.999991,0.999999,1,1,1,1,1,1,1,1,1,1,1,1,1,1,0.952545,0.304727,0.00277888,0.000261291,5.87529e-08,6.98356e-11,2.44175e-18,3.29648e-25,1.13261e-39,9.99808e-55,4.66767e-83,2.10732e-115,5.22792e-171,0.0393742
8.72061e-228,-2.43768e-257,-2.33368e-243,-6.99542e-125,-6.84458e-118,-6.4281e-60,-2.01521e-56,-4.95798e-28,-3.12353e-26,-1.9248e-12,-8.24586e-06,-0.00650866,0.363616,0.728125,1.05003,1.03657,0.998834,0.998273,1.00015,1.00009,0.999985,0.999997,1,1,1,1,1,1,1,1,1,1,1,1,1,1,0.962875,0.364695,0.00283111,0.000444501,6.34948e-08,2.45575e-10,7.74972e-18,5.39678e-24,5.03711e-39,4.32702e-52,1.70449e-81,1.14867e-109,2.17815e-167,0.0451806
3.19248e-217,-1.57527e-248,-1.50807e-234,-7.39579e-121,-7.23631e-114,-4.53294e-58,-1.42108e-54,-3.41737e-27,-2.15294e-25,-4.44999e-12,-1.13792e-05,-0.00700869,0.343092,0.690498,1.03055,1.0388,1.00527,0.996619,0.999757,1.00017,0.999998,0.999995,1,1,1,1,1,1,1,1,1,1,1,1,1,1,0.971104,0.427792,0.00266533,0.0007098,6.42802e-08,7.42056e-10,1.55992e-17,6.21419e-23,5.04202e-38,8.33451e-50,7.99747e-80,9.13923e-105,1.20112e-164,0.0510534
4.57627e-208,-4.11427e-241,-3.93874e-227,-1.96852e-117,-1.92607e-110,-1.75303e-56,-5.49574e-53,-1.80897e-26,-1.13965e-24,-9.1941e-12,-1.50302e-05,-0.00745612,0.324598,0.656579,0.988189,1.05553,1.0133,0.995415,0.999074,1.0003,1.00004,0.999986,1,1,1,1,1,1,1,1,1,1,1,1,1,1,0.977606,0.491656,0.00413159,0.00107639,6.32056e-08,1.98703e-09,2.31037e-17,5.43042e-22,2.01466e-37,8.67334e-48,3.278e-78,1.78671e-100,8.62709e-161,0.0568849
5.18314e-200,-9.07819e-235,-8.69087e-221,-1.72733e-114,-1.69008e-107,-4.08062e-55,-1.27927e-51,-7.5972e-26,-4.78623e-24,-1.71641e-11,-1.90758e-05,-0.00784675,0.308262,0.626211,0.942734,1.06846,1.02362,0.994347,0.998233,1.0004,1.00009,0.999976,0.999997,1,1,1,1,1,1,1,1,1,1,1,1,1,0.982588,0.552934,0.00846989,0.00153234,6.09044e-08,4.71372e-09,2.91243e-17,3.67823e-21,4.98971e-37,5.2493e-46,3.74726e-77,1.08797e-96,3.44465e-158,0.0626384
6.83709e-193,-2.6973e-229,-2.58221e-215,-6.17455e-112,-6.04138e-105,-6.32997e-54,-1.98444e-50,-2.66199e-25,-1.67705e-23,-2.96392e-11,-2.3484e-05,-0.0081874,0.293617,0.598715,0.895798,1.07742,1.03384,0.995181,0.997432,1.00037,1.00016,0.999968,0.999992,1,1,1,1,1,1,1,1,1,1,1,1,1,0.986428,0.612486,0.0147438,0.00206086,7.59111e-08,1.00095e-08,3.30712e-17,1.99395e-20,9.38682e-37,1.99869e-44,2.09607e-76,2.45595e-93,2.23608e-156,0.0683368
1.44015e-186,-1.61884e-224,-1.54976e-210,-1.08592e-109,-1.06249e-102,-7.13304e-53,-2.2362e-49,-8.09196e-25,-5.09792e-23,-4.81473e-11,-2.82287e-05,-0.00848744,0.280369,0.573554,0.856285,1.07485,1.04295,0.997857,0.99704,1.00012,1.0002,0.999983,0.999988,1,1,1,1,1,1,1,1,1,1,1,1,1,0.989404,0.669989,0.02329,0.00264679,1.84811e-07,1.92838e-08,3.93419e-17,8.8441e-20,1.48948e-36,5.03663e-43,7.51119e-76,2.34359e-90,4.9153e-155,0.0740284
6.0706e-181,-2.81573e-220,-2.69556e-206,-1.10619e-107,-1.08232e-100,-6.29671e-52,-1.97401e-48,-2.20866e-24,-1.39145e-22,-7.46893e-11,-3.3328e-05,-0.00875594,0.268204,0.550276,0.82218,1.06436,1.04998,1.00381,0.99506,0.999461,1.00034,1.00002,0.99998,1,1,1,1,1,1,1,1,1,1,1,1,1,0.991737,0.724551,0.0355455,0.00327285,5.83306e-07,3.4322e-08,1.08197e-16,3.31599e-19,2.49646e-36,8.89137e-42,2.07816e-75,1.05201e-87,5.37915e-154,0.0797619
6.36392e-176,-1.89134e-216,-1.81061e-202,-7.38514e-106,-7.22581e-99,-4.59809e-51,-1.44149e-47,-5.54237e-24,-3.49168e-22,-1.11756e-10,-3.87987e-05,-0.00899882,0.256915,0.528561,0.791242,1.0492,1.05266,1.01236,0.993467,0.998496,1.00051,1.00009,0.999967,0.999996,1,1,1,1,1,1,1,1,1,1,1,1,0.993576,0.773133,0.0549674,0.00389417,1.87978e-06,5.71047e-08,1.05457e-15,1.08019e-18,2.55171e-35,1.16314e-40,9.19609e-75,2.48726e-85,4.36662e-153,0.0855568
2.03898e-171,-5.98119e-213,-5.72586e-199,-3.50331e-104,-3.42772e-97,-1.97967e-50,-9.47865e-47,-5.54237e-24,-8.24214e-22,-1.622e-10,-4.46329e-05,-0.00921932,0.246399,0.508249,0.762548,1.01685,1.06537,1.02219,0.992736,0.997331,1.00063,1.00019,0.999954,0.999989,1,1,1,1,1,1,1,1,1,1,1,1,0.995022,0.815397,0.0819611,0.00443452,5.79602e-06,8.89468e-08,1.25386e-14,3.10177e-18,3.11256e-33,1.17229e-39,1.41565e-71,3.3924e-83,4.50103e-150,0.0913267
2.18623e-167,-3.39372e-210,-1.07874e-195,-2.99389e-103,-1.42126e-95,-3.48139e-50,-5.6136e-46,-5.54237e-24,-1.79541e-21,-2.27668e-10,-5.06744e-05,-0.00941541,0.236802,0.489643,0.736082,0.981454,1.07538,1.03205,0.993734,0.99642,1.00046,1.00028,0.999957,0.999981,1,1,1,1,1,1,1,1,1,1,1,1,0.996131,0.850614,0.115639,0.00481918,1.56521e-05,1.28517e-07,1.19375e-13,7.75725e-18,3.71504e-31,9.02414e-39,2.68993e-67,2.70492e-81,8.26991e-142,0.0970378
8.23384e-164,-9.69973e-209,-1.39967e-192,-1.00583e-102,-4.27311e-94,-4.96914e-50,-2.75592e-45,-5.54237e-24,-3.66322e-21,-3.10741e-10,-5.69096e-05,-0.00959097,0.227986,0.472491,0.711453,0.944215,1.08248,1.04151,0.996247,0.99592,1.0001,1.0003,0.999992,0.999977,1,1,1,1,1,1,1,1,1,1,1,1,0.996985,0.87965,0.155265,0.00502422,3.68645e-05,1.73054e-07,8.50159e-13,1.70376e-17,2.61746e-29,5.38212e-38,2.3244e-63,1.29231e-79,1.64204e-133,0.102706
1.15866e-160,-8.89611e-208,-8.98811e-190,-2.35873e-102,-9.2289e-93,-6.44712e-50,-1.16961e-44,-5.54237e-24,-7.07782e-21,-4.14254e-10,-6.33306e-05,-0.00974911,0.219839,0.456586,0.688383,0.911544,1.08123,1.0504,1.00192,0.993906,0.999241,1.00049,1.00006,0.999963,0.999997,1,1,1,1,1,1,1,1,1,1,1,0.997648,0.903405,0.20005,0.00506594,7.71673e-05,2.18534e-07,4.65126e-12,3.32129e-17,1.06629e-27,2.53381e-37,6.58568e-60,3.82568e-78,4.03915e-126,0.108366
6.66231e-158,-4.72373e-207,-3.27033e-187,-4.57299e-102,-1.55208e-91,-7.92681e-50,-4.45346e-44,-5.54237e-24,-1.30949e-20,-5.42001e-10,-6.99676e-05,-0.00989308,0.212229,0.441682,0.666639,0.882963,1.07336,1.0575,1.009,0.992138,0.998084,1.00067,1.00015,0.999947,0.99999,1,1,1,1,1,1,1,1,1,1,1,0.998165,0.922822,0.249476,0.00500133,0.000146974,2.60912e-07,2.05329e-11,5.83133e-17,2.72575e-26,9.67146e-37,6.80739e-57,7.36512e-77,1.14962e-119,0.114057
1.73126e-155,-1.82122e-206,-7.75174e-185,-7.88474e-102,-2.15789e-90,-9.41736e-50,-1.55927e-43,-5.54237e-24,-2.33905e-20,-6.98447e-10,-7.68477e-05,-0.0100252,0.205063,0.427603,0.646032,0.856683,1.0615,1.06073,1.01845,0.990839,0.996715,1.0008,1.00027,0.999933,0.99998,1.00001,1,1,1,1,1,1,1,1,1,1,0.998572,0.938657,0.303069,0.00492768,0.00025944,2.96811e-07,7.6301e-11,9.34664e-17,4.77359e-25,3.07126e-36,3.07403e-54,9.69542e-76,5.22349e-114,0.119803
2.23559e-153,-5.68863e-206,-1.31482e-182,-1.2554e-101,-2.57868e-89,-1.09246e-49,-5.1002e-43,-5.54237e-24,-4.05665e-20,-8.88603e-10,-8.39879e-05,-0.010147,0.198278,0.414232,0.626421,0.831971,1.03953,1.06783,1.02755,0.991844,0.995519,1.00061,1.00038,0.999947,0.99997,1,1,1,1,1,1,1,1,1,1,1,0.998892,0.951515,0.360291,0.00501172,0.000430087,3.24294e-07,2.46054e-10,2.30579e-16,6.14242e-24,8.30292e-36,7.08793e-52,9.13631e-75,5.33934e-109,0.125548
1.50394e-151,-1.50823e-205,-1.62828e-180,-1.8738e-101,-2.64421e-88,-1.24228e-49,-1.54964e-42,-5.54237e-24,-6.79925e-20,-1.11348e-09,-9.1255e-05,-0.0102575,0.191952,0.401733,0.608054,0.808576,1.0111,1.07658,1.03646,0.994161,0.994783,1.0002,1.00041,0.999994,0.999967,1,1,1,1,1,1,1,1,1,1,1,0.999138,0.961708,0.419666,0.00519339,0.000669954,3.44725e-07,6.95073e-10,4.40405e-16,5.94537e-23,4.59514e-35,8.99351e-50,1.13732e-73,1.53084e-104,0.131251
6.87845e-149,-3.52204e-205,-1.49873e-178,-2.6609e-101,-2.34939e-87,-1.39089e-49,-4.39732e-42,-5.54237e-24,-1.10407e-19,-1.3758e-09,-9.86173e-05,-0.0103579,0.186055,0.390047,0.590854,0.786561,0.980539,1.08306,1.04535,0.998689,0.993394,0.999203,1.00063,1.00008,0.999948,0.999994,1,1,1,1,1,1,1,1,1,1,0.999329,0.96975,0.479586,0.00638307,0.00099324,3.54837e-07,1.74793e-09,6.70184e-16,4.49268e-22,1.63148e-34,6.74554e-48,2.37789e-72,1.41793e-100,0.136915
1.51292e-146,1.77277e-200,-1.05534e-176,-3.63591e-101,-1.83757e-86,-1.53861e-49,-1.17501e-41,-5.54237e-24,-1.74382e-19,-1.67926e-09,-0.000106076,-0.0104493,0.180531,0.379077,0.574679,0.765738,0.951304,1.08454,1.05388,1.00505,0.991565,0.997945,1.00083,1.0002,0.99993,0.999984,1.00001,1,1,1,1,1,1,1,1,1,0.999476,0.9761,0.538062,0.0102506,0.00140003,3.67832e-07,3.99211e-09,9.06345e-16,2.75293e-21,4.14776e-34,3.21782e-46,2.43709e-71,4.97561e-97,0.142563
9.72933e-145,9.33567e-194,-5.89146e-175,-4.822e-101,-1.28867e-85,-1.68613e-49,-2.98394e-41,-5.54237e-24,-2.69082e-19,-2.02878e-09,-0.000113654,-0.0105331,0.175325,0.368711,0.559369,0.745887,0.926165,1.0793,1.06106,1.01265,0.990047,0.996492,1.00095,1.00035,0.999916,0.999972,1.00001,1,0.999999,1,1,1,1,1,1,1,0.999591,0.981131,0.595839,0.0160019,0.00187874,4.20448e-07,8.33367e-09,1.15774e-15,1.41099e-20,8.58401e-34,1.0542e-44,1.47448e-70,7.71389e-94,0.148226
2.72285e-143,1.11966e-187,-2.70777e-173,-6.24833e-101,-8.25694e-85,-1.83436e-49,-7.26817e-41,-5.54237e-24,-4.07412e-19,-2.43085e-09,-0.000121389,-0.0106106,0.170378,0.358841,0.544769,0.726886,0.903078,1.07023,1.06507,1.02196,0.989316,0.995114,1.00079,1.00047,0.999939,0.999961,1.00001,1,0.999999,1,1,1,1,1,1,1,0.999681,0.985135,0.65275,0.0239442,0.00242072,5.94346e-07,1.60279e-08,1.49925e-15,6.14324e-20,1.58323e-33,2.48184e-43,6.37035e-70,6.01555e-91,0.153931
4.46441e-142,3.64682e-182,-1.05624e-171,-7.946e-101,-4.90127e-84,-1.98385e-49,-1.7088e-40,-5.54237e-24,-6.06998e-19,-2.89219e-09,-0.000129302,-0.0106824,0.165655,0.349399,0.530781,0.708643,0.881301,1.05858,1.06568,1.03091,0.99103,0.993985,1.00037,1.00052,0.999991,0.999958,1,1,1,1,1,1,1,1,1,1,0.999752,0.988323,0.708192,0.034732,0.00300994,1.07987e-06,2.86764e-08,2.26317e-15,2.30588e-19,2.87658e-33,4.3094e-42,2.27435e-69,2.50765e-88,0.159668
5.56452e-141,3.50747e-177,-3.53635e-170,-9.93501e-101,-2.70291e-83,-2.13398e-49,-3.87902e-40,-5.54237e-24,-8.89745e-19,-3.41649e-09,-0.000137356,-0.0107488,0.161161,0.340396,0.517424,0.691195,0.860246,1.03543,1.07404,1.03888,0.994062,0.993451,0.999373,1.0008,1.0001,0.999934,0.999992,1.00001,1,1,1,1,1,1,1,1,0.999808,0.990843,0.758065,0.0520614,0.00360877,2.35599e-06,4.79599e-08,5.12831e-15,7.5378e-19,6.45781e-33,5.6274e-41,8.10664e-69,5.80998e-86,0.165383
8.74564e-140,1.05578e-172,-1.00593e-168,-1.22126e-100,-1.37379e-82,-2.28294e-49,-8.45933e-40,-5.54237e-24,-1.27961e-18,-4.00183e-09,-0.000145443,-0.0108095,0.15693,0.331904,0.504808,0.674688,0.840215,1.01003,1.0806,1.04705,0.999801,0.991472,0.998078,1.001,1.00025,0.999911,0.999979,1.00001,1,0.999999,1,1,1,1,1,1,0.99985,0.992809,0.801103,0.0763114,0.00413919,5.79879e-06,7.48115e-08,2.06661e-14,2.15158e-18,3.28856e-32,5.57697e-40,5.18619e-68,7.66236e-84,0.17106
1.68749e-137,1.0768e-168,-2.44998e-167,-1.47978e-100,-6.47526e-82,-2.431e-49,-1.7792e-39,-5.54237e-24,-1.80934e-18,-4.65237e-09,-0.000153571,-0.010865,0.152934,0.323867,0.492856,0.659025,0.821251,0.9829,1.0852,1.05499,1.00661,0.989768,0.996559,1.00114,1.00042,0.999898,0.999963,1.00001,1,0.999999,1,1,1,1,1,1,0.999883,0.994345,0.837627,0.107213,0.00454108,1.417e-05,1.08933e-07,1.19305e-13,5.41054e-18,6.31398e-31,4.29204e-39,3.52958e-66,6.01877e-82,0.17671
1.45157e-132,4.08908e-165,-5.17646e-166,-1.77114e-100,-2.85085e-81,-2.57843e-49,-3.62262e-39,-5.54237e-24,-2.51997e-18,-5.37272e-09,-0.000161747,-0.0109161,0.149146,0.316237,0.481494,0.644117,0.80324,0.959401,1.08309,1.0622,1.01444,0.988428,0.9951,1.001,1.00057,0.999926,0.999951,1.00001,1,0.999999,1,1,1,1,1,1,0.999909,0.99555,0.868222,0.144242,0.00478041,3.21282e-05,1.48368e-07,6.97155e-13,1.20554e-17,2.16271e-29,2.60678e-38,2.77132e-63,2.93241e-80,0.182359
1.93895e-126,6.26904e-162,-9.68955e-165,-2.09906e-100,-1.18579e-80,-2.72614e-49,-7.18273e-39,-5.54237e-24,-3.46709e-18,-6.17148e-09,-0.000170013,-0.0109633,0.145529,0.308939,0.470616,0.629827,0.785865,0.938307,1.07666,1.06708,1.02309,0.988312,0.99375,1.00061,1.00065,0.999982,0.999948,1,1,1,1,1,1,1,1,1,0.999929,0.996501,0.893696,0.186931,0.00485843,6.67549e-05,1.89948e-07,3.56468e-12,2.4021e-17,6.75723e-28,1.27218e-37,3.25253e-60,9.19437e-79,0.188034
1.90782e-120,4.15936e-159,-1.63657e-163,-2.46736e-100,-4.70068e-80,-2.87474e-49,-1.39263e-38,-5.54237e-24,-4.72151e-18,-7.05726e-09,-0.0001784,-0.0110071,0.142057,0.301923,0.460149,0.616062,0.769068,0.918573,1.0675,1.0689,1.03172,0.990232,0.992649,0.999725,1.00096,1.00012,0.999918,0.999989,1.00001,1,0.999999,1,1,1,1,1,0.999945,0.997254,0.914757,0.234745,0.00481423,0.000127859,2.29777e-07,1.55289e-11,4.3192e-17,1.58923e-26,5.07372e-37,2.4708e-57,1.91752e-77,0.193748
6.15456e-115,1.27208e-156,-2.52465e-162,-2.87944e-100,-1.78525e-79,-3.02442e-49,-2.64635e-38,-5.54237e-24,-6.37057e-18,-8.03754e-09,-0.000186915,-0.0110479,0.138719,0.295167,0.450059,0.602777,0.75282,0.899716,1.04844,1.07616,1.04011,0.993365,0.992255,0.998452,1.00121,1.0003,0.999889,0.999973,1.00001,1,0.999999,1,1,1,1,1,0.999957,0.997849,0.932021,0.287023,0.00472995,0.000227862,2.64168e-07,5.81233e-11,7.07216e-17,2.75245e-25,1.68063e-36,1.0282e-54,2.74312e-76,0.199451
5.68173e-110,1.8534e-154,-3.50832e-161,-3.33188e-100,-6.43096e-79,-3.17308e-49,-4.89902e-38,-5.54237e-24,-8.48956e-18,-9.10376e-09,-0.000195433,-0.0110852,0.135551,0.288745,0.44046,0.590127,0.737321,0.881604,1.02719,1.08199,1.04848,0.999393,0.990221,0.996996,1.00135,1.00051,0.999875,0.999954,1.00001,1,0.999999,1,1,1,1,1,0.999966,0.998312,0.945866,0.342244,0.00473264,0.000378914,2.9038e-07,1.87652e-10,1.05974e-16,3.51531e-24,4.65408e-36,2.30327e-52,2.72642e-75,0.205119
1.58037e-105,1.37216e-152,-4.40704e-160,-3.82666e-100,-2.20492e-78,-3.32095e-49,-8.85524e-38,-5.54237e-24,-1.1187e-17,-1.02604e-08,-0.000203961,-0.0111195,0.132535,0.282625,0.431305,0.57805,0.7225,0.864299,1.00419,1.08623,1.05648,1.00652,0.988483,0.995506,1.00125,1.00068,0.999909,0.999939,1.00001,1.00001,0.999999,1,1,1,1,1,0.999974,0.998674,0.956938,0.399904,0.00473192,0.000593605,3.08985e-07,5.32496e-10,2.72417e-16,3.41877e-23,1.46593e-35,2.91712e-50,1.95777e-74,0.210763
1.50488e-101,1.00449e-150,-5.04065e-159,-4.36597e-100,-7.22512e-78,-3.46824e-49,-1.56631e-37,-5.54237e-24,-1.45927e-17,-1.15124e-08,-0.000212508,-0.0111511,0.129659,0.276778,0.422552,0.566493,0.708297,0.847649,0.983186,1.08567,1.06374,1.01467,0.987137,0.994035,1.00093,1.00079,0.99997,0.999935,1,1.00001,1,1,1,1,1,1,0.99998,0.998957,0.965779,0.458975,0.00528362,0.000887396,3.17128e-07,1.35503e-09,4.55732e-16,2.62604e-22,6.19293e-35,2.23667e-48,2.78749e-73,0.216401
5.70853e-98,2.67929e-148,-5.31372e-158,-4.954e-100,-2.2777e-77,-3.6156e-49,-2.72036e-37,-5.54237e-24,-1.88749e-17,-1.28693e-08,-0.000221107,-0.0111802,0.126899,0.271162,0.414138,0.555375,0.694616,0.831549,0.964376,1.08092,1.06898,1.0234,0.98716,0.992641,1.00021,1.00102,1.00012,0.999902,0.999986,1.00001,1,0.999999,1,1,1,1,0.999984,0.99918,0.97285,0.517425,0.00823771,0.0012675,3.22424e-07,3.15392e-09,6.43731e-16,1.65944e-21,1.81096e-34,1.1221e-46,3.78705e-72,0.222057
1.00849e-94,2.89074e-146,-5.2243e-157,-5.59544e-100,-6.94876e-77,-3.76361e-49,-4.65271e-37,-5.54237e-24,-2.42418e-17,-1.43417e-08,-0.000229788,-0.0112072,0.124239,0.265743,0.406013,0.54463,0.681378,0.815949,0.946721,1.07355,1.07149,1.03208,0.989145,0.991512,0.999162,1.00132,1.00032,0.999871,0.999968,1.00001,1,0.999999,1,1,1,1,0.999988,0.999356,0.978509,0.575423,0.0133278,0.00172609,3.47255e-07,6.75236e-09,8.34376e-16,8.88035e-21,4.08051e-34,3.96235e-45,2.87559e-71,0.227747
9.30082e-92,1.16545e-144,-4.83494e-156,-6.29481e-100,-2.06035e-76,-3.91264e-49,-7.85217e-37,-5.54237e-24,-3.0944e-17,-1.59396e-08,-0.00023857,-0.0112322,0.121668,0.260497,0.398143,0.534216,0.668533,0.800802,0.929807,1.05991,1.07603,1.04054,0.992386,0.991137,0.997699,1.00156,1.00055,0.99985,0.999945,1.00001,1,0.999999,1,1,1,1,0.99999,0.999496,0.983035,0.632917,0.0204993,0.00225409,4.49355e-07,1.33284e-08,1.05837e-15,4.06019e-20,7.84595e-34,1.0216e-43,1.43347e-70,0.233442
4.55097e-89,2.34833e-143,-4.18034e-155,-7.0484e-100,-5.90465e-76,-4.06133e-49,-1.3033e-36,-5.54237e-24,-3.91904e-17,-1.76544e-08,-0.00024737,-0.0112552,0.119203,0.255464,0.390586,0.524208,0.656177,0.786224,0.913401,1.04192,1.08155,1.04887,0.998633,0.989052,0.996208,1.00153,1.00076,0.999879,0.999926,1.00001,1.00001,0.999999,0.999999,1,1,1,0.999992,0.999605,0.98661,0.688789,0.030064,0.00283077,7.66484e-07,2.42952e-08,1.46547e-15,1.58207e-19,1.40395e-33,1.91624e-42,5.43306e-70,0.239112
1.19393e-86,3.08144e-142,-3.36937e-154,-7.85564e-100,-1.63426e-75,-4.20925e-49,-2.12677e-36,-5.54237e-24,-4.92381e-17,-1.94846e-08,-0.00025616,-0.0112763,0.116845,0.250642,0.383344,0.514612,0.644319,0.772223,0.897581,1.02218,1.08575,1.05678,1.00598,0.987287,0.994666,1.0013,1.00091,0.999947,0.999919,1,1.00001,1,0.999999,1,1,1,0.999994,0.99969,0.989425,0.740018,0.0446817,0.0034268,1.61511e-06,4.11862e-08,2.8107e-15,5.30993e-19,2.75679e-33,2.6476e-41,1.84083e-69,0.244758
1.76167e-84,3.83674e-141,-2.5414e-153,-8.71886e-100,-4.3794e-75,-4.3566e-49,-3.41691e-36,-5.54237e-24,-6.14112e-17,-2.14355e-08,-0.000264948,-0.0112955,0.114584,0.246015,0.376389,0.505391,0.632915,0.758747,0.882301,1.00248,1.08718,1.06404,1.01431,0.985938,0.993141,1.00087,1.00098,1.0001,0.999878,0.999984,1.00001,1,0.999999,1,1,1,0.999995,0.999756,0.991645,0.784884,0.0660453,0.0039834,3.93871e-06,6.53283e-08,9.7404e-15,1.5597e-18,9.73269e-33,2.77375e-40,8.21556e-69,0.250392
1.55643e-82,1.88631e-139,-1.80551e-152,-9.64186e-100,-1.14029e-74,-4.50376e-49,-5.41485e-36,-5.54237e-24,-7.6105e-17,-2.35155e-08,-0.000273754,-0.0113132,0.112409,0.241559,0.369687,0.496501,0.621913,0.745736,0.867457,0.985261,1.08405,1.0697,1.02296,0.986028,0.991673,0.999909,1.00133,1.00029,0.999848,0.999961,1.00001,1,0.999999,1,1,1,0.999996,0.999808,0.993399,0.823497,0.0941513,0.00443689,9.8564e-06,9.70897e-08,5.46461e-14,4.05608e-18,1.36195e-31,2.2701e-39,2.20555e-67,0.256034
8.68666e-81,3.26989e-135,-1.2189e-151,-1.06307e-99,-2.89832e-74,-4.65135e-49,-8.48418e-36,-5.54237e-24,-9.38208e-17,-2.57381e-08,-0.000282613,-0.0113294,0.110306,0.237247,0.363199,0.487889,0.611248,0.733112,0.853018,0.969193,1.07826,1.07291,1.0316,0.98799,0.990494,0.998721,1.00163,1.00053,0.999823,0.999935,1.00002,1.00001,0.999999,1,1,1,0.999997,0.999849,0.994791,0.856314,0.128767,0.00474206,2.32467e-05,1.35378e-07,3.38226e-13,9.40442e-18,4.71948e-30,1.48269e-38,1.2392e-64,0.261702
3.1616e-79,4.43529e-129,-7.87245e-151,-1.16906e-99,-7.21436e-74,-4.79973e-49,-1.31634e-35,-5.54237e-24,-1.15138e-16,-2.8115e-08,-0.000291544,-0.0113444,0.108268,0.233061,0.356899,0.479522,0.60088,0.72083,0.838951,0.953811,1.07064,1.07378,1.04013,0.991227,0.99009,0.997105,1.00185,1.00077,0.999842,0.999913,1.00001,1.00001,0.999999,0.999999,1,1,0.999998,0.999882,0.995896,0.883874,0.169459,0.00488212,5.03153e-05,1.77465e-07,1.87529e-12,1.95322e-17,1.69473e-28,7.8224e-38,1.76012e-61,0.267396
7.63499e-78,7.51664e-123,-4.87268e-150,-1.28235e-99,-1.75922e-73,-4.94872e-49,-2.0224e-35,-5.54237e-24,-1.40655e-16,-3.065e-08,-0.000300535,-0.011358,0.106292,0.229003,0.350785,0.4714,0.590809,0.70889,0.825267,0.938756,1.0554,1.07934,1.0482,0.997608,0.98797,0.995544,1.00171,1.00099,0.999905,0.999899,1,1.00001,1,0.999999,1,1,0.999998,0.999907,0.99677,0.906707,0.215526,0.00487846,9.98338e-05,2.19354e-07,8.81341e-12,3.6495e-17,4.64938e-27,3.35967e-37,1.80929e-58,0.273079
1.23175e-76,4.30982e-117,-2.86458e-149,-1.40211e-99,-4.17955e-73,-5.09695e-49,-3.06758e-35,-5.54237e-24,-1.70788e-16,-3.33243e-08,-0.000309501,-0.0113704,0.104395,0.225101,0.344906,0.463585,0.581114,0.697388,0.812071,0.924134,1.03838,1.08378,1.05588,1.00504,0.986195,0.993932,1.00137,1.00114,1.00005,0.999851,0.999982,1.00001,1,0.999999,1,1,0.999999,0.999927,0.997456,0.925265,0.265747,0.00479787,0.000182283,2.56643e-07,3.48456e-11,6.15668e-17,9.08963e-26,1.17954e-36,9.81973e-56,0.278735
1.36884e-75,6.49122e-112,-1.60244e-148,-1.52857e-99,-9.6901e-73,-5.24457e-49,-4.59805e-35,-5.54237e-24,-2.06221e-16,-3.61431e-08,-0.000318449,-0.0113816,0.10257,0.221343,0.339241,0.456053,0.571764,0.686288,0.799324,0.910022,1.0199,1.08697,1.06299,1.01341,0.984853,0.99234,1.00085,1.00116,1.00025,0.999814,0.999954,1.00002,1,0.999999,1,1,0.999999,0.999943,0.997994,0.940268,0.319313,0.00474907,0.000309879,2.86552e-07,1.18091e-10,9.49086e-17,1.28854e-24,3.4521e-36,2.75172e-53,0.284374
1.09132e-74,2.74902e-107,-8.5564e-148,-1.66202e-99,-2.19632e-72,-5.39176e-49,-6.81736e-35,-5.54237e-24,-2.47737e-16,-3.91126e-08,-0.000327388,-0.0113917,0.10081,0.217718,0.333773,0.448779,0.562732,0.675558,0.786993,0.896355,1.00325,1.08601,1.06902,1.02186,0.984977,0.990798,0.999766,1.00153,1.00047,0.999796,0.999923,1.00002,1.00001,0.999998,0.999999,1,0.999999,0.999955,0.998417,0.952349,0.375335,0.00502345,0.000495619,3.08192e-07,3.49999e-10,2.57547e-16,1.37493e-23,1.1816e-35,4.24143e-51,0.290009
1.93939e-73,3.82618e-103,-4.38866e-147,-1.80314e-99,-4.88374e-72,-5.53908e-49,-1.00164e-34,-5.54237e-24,-2.96354e-16,-4.22477e-08,-0.00033635,-0.0114008,0.0991065,0.214205,0.328472,0.441725,0.553968,0.665141,0.775012,0.882998,0.988131,1.08191,1.07302,1.03027,0.986852,0.989561,0.99845,1.00185,1.00071,0.999809,0.999897,1.00001,1.00001,0.999999,0.999999,1,0.999999,0.999965,0.998752,0.962074,0.434054,0.00503882,0.000752983,3.22613e-07,9.27877e-10,4.42702e-16,1.15285e-22,5.47248e-35,3.8968e-49,0.295661
3.05776e-72,2.06672e-99,-2.15972e-146,-1.9526e-99,-1.06835e-71,-5.68696e-49,-1.46038e-34,-5.54237e-24,-3.53252e-16,-4.5563e-08,-0.00034536,-0.011409,0.0974512,0.210789,0.323316,0.434861,0.545436,0.654995,0.763332,0.869938,0.973821,1.07579,1.07484,1.03863,0.990013,0.989108,0.996695,1.00207,1.00095,0.999855,0.99988,1,1.00001,1,0.999999,1,1,0.999972,0.999017,0.969892,0.493161,0.00681881,0.00109713,3.29079e-07,2.24011e-09,6.40647e-16,7.87969e-22,1.69113e-34,2.31368e-47,0.301342
2.55501e-71,4.99828e-96,-8.39025e-146,-2.11101e-99,-2.30381e-71,-5.83567e-49,-2.11489e-34,-5.54237e-24,-4.19763e-16,-4.90714e-08,-0.000354433,-0.0114163,0.0958393,0.20746,0.318289,0.428167,0.537113,0.645092,0.751922,0.857157,0.959984,1.06465,1.07839,1.04685,0.996295,0.986991,0.99503,1.00188,1.00117,0.999971,0.999842,0.999982,1.00002,1,0.999999,1,1,0.999978,0.999226,0.976164,0.551582,0.011197,0.00152603,3.43473e-07,4.97887e-09,8.42472e-16,4.53221e-21,3.97004e-34,9.47316e-46,0.307024
1.35086e-70,5.97678e-93,4.76317e-145,-2.27735e-99,-4.87625e-71,-5.98403e-49,-3.03491e-34,-5.54237e-24,-4.96656e-16,-5.27503e-08,-0.000363496,-0.0114228,0.0942819,0.204241,0.313426,0.421689,0.529055,0.635499,0.740863,0.844753,0.946439,1.05002,1.08279,1.05459,1.00368,0.985201,0.993332,1.00147,1.00132,1.00015,0.999794,0.999952,1.00002,1.00001,0.999998,1,1,0.999983,0.999391,0.981138,0.609228,0.0174571,0.00202447,4.0744e-07,1.01367e-08,1.06018e-15,2.20254e-20,7.79015e-34,2.76435e-44,0.312686
5.27417e-70,3.69268e-90,1.90445e-143,-2.45149e-99,-1.01267e-70,-6.13179e-49,-4.31495e-34,-5.54237e-24,-5.85071e-16,-5.65963e-08,-0.000372532,-0.0114284,0.0927785,0.201131,0.308727,0.415427,0.521264,0.62622,0.730158,0.832729,0.933288,1.0339,1.08612,1.06176,1.01202,0.983838,0.991654,1.00062,1.00159,1.00039,0.999761,0.999916,1.00002,1.00001,0.999998,0.999999,1,0.999987,0.99952,0.985072,0.665402,0.0259289,0.00257771,6.17971e-07,1.89894e-08,1.38046e-15,9.07199e-20,1.38406e-33,5.8076e-43,0.318328
1.74495e-69,1.2072e-87,2.78541e-142,-2.63372e-99,-2.06603e-70,-6.27909e-49,-6.08242e-34,-5.54237e-24,-6.86452e-16,-6.06154e-08,-0.000381549,-0.0114333,0.0913252,0.198123,0.30418,0.409365,0.513718,0.61723,0.71978,0.821059,0.920542,1.01783,1.08708,1.06803,1.02042,0.983873,0.990038,0.999416,1.00195,1.00066,0.999751,0.999883,1.00002,1.00001,0.999998,0.999999,1,0.99999,0.999622,0.988184,0.71885,0.0377288,0.00316532,1.18848e-06,3.30324e-08,2.20797e-15,3.20866e-19,2.48706e-33,8.93286e-42,0.323962
6.13581e-69,2.19618e-85,3.12086e-141,-2.8246e-99,-4.14905e-70,-6.42627e-49,-8.50921e-34,-5.54238e-24,-8.02556e-16,-6.48195e-08,-0.000390565,-0.0114375,0.0899163,0.195204,0.299767,0.403481,0.506392,0.608497,0.709693,0.809705,0.908063,1.00365,1.08441,1.07265,1.02868,0.985621,0.988729,0.997983,1.00225,1.00094,0.999785,0.999857,1.00001,1.00001,1,0.999999,1,0.999992,0.999702,0.990651,0.766304,0.0561379,0.00374469,2.71235e-06,5.37976e-08,5.70802e-15,9.91293e-19,6.06724e-33,1.03678e-40,0.329603
5.27037e-68,2.37526e-83,5.53634e-140,-3.02498e-99,-8.22265e-70,-6.5738e-49,-1.18299e-33,-5.54238e-24,-9.3557e-16,-6.9227e-08,-0.00039961,-0.0114411,0.0885453,0.192362,0.295468,0.397747,0.499251,0.599983,0.699852,0.798617,0.895843,0.990352,1.07959,1.07527,1.03691,0.988684,0.988177,0.996184,1.00239,1.00121,0.99986,0.999844,0.999986,1.00002,1,0.999998,1,0.999994,0.999765,0.99261,0.807645,0.0814247,0.00424959,6.76475e-06,8.22643e-08,2.64683e-14,2.71441e-18,4.24293e-32,9.3853e-40,0.335266
8.0621e-66,1.61556e-81,3.81655e-137,-3.23556e-99,-1.6109e-69,-6.722e-49,-1.63572e-33,-5.54238e-24,-1.08789e-15,-7.38527e-08,-0.0004087,-0.011444,0.0872081,0.189589,0.291271,0.392148,0.492275,0.591663,0.690231,0.787767,0.883868,0.977556,1.07328,1.07596,1.04522,0.994789,0.986067,0.99446,1.00209,1.00145,1.00003,0.999783,0.999955,1.00002,1.00001,0.999998,0.999999,0.999995,0.999815,0.994168,0.843064,0.113485,0.00462326,1.64524e-05,1.18052e-07,1.61262e-13,6.62834e-18,1.08476e-30,6.77425e-39,0.34095
9.18924e-63,7.10425e-80,1.26528e-131,-3.45644e-99,-3.11942e-69,-6.87069e-49,-2.24916e-33,-5.54238e-24,-1.26173e-15,-7.86982e-08,-0.000417825,-0.0114464,0.085905,0.186884,0.287177,0.386685,0.485467,0.583539,0.680833,0.777159,0.87215,0.964945,1.06073,1.0805,1.05283,1.00213,0.984254,0.9927,1.00159,1.00158,1.00027,0.999732,0.999915,1.00003,1.00001,0.999998,0.999999,0.999996,0.999855,0.995402,0.872899,0.15185,0.00483298,3.69865e-05,1.58965e-07,9.45383e-13,1.44533e-17,4.00944e-29,3.92931e-38,0.346624
1.11081e-59,2.02497e-78,2.30064e-125,-3.68618e-99,-5.94867e-69,-7.01876e-49,-3.06946e-33,-5.54238e-24,-1.45816e-15,-8.37311e-08,-0.000426915,-0.0114482,0.084644,0.184265,0.283211,0.381392,0.47887,0.575664,0.67172,0.766865,0.860765,0.952627,1.04666,1.08413,1.05991,1.01039,0.982872,0.990936,1.00064,1.00186,1.00055,0.999707,0.999875,1.00003,1.00001,0.999998,0.999999,0.999997,0.999886,0.996373,0.897522,0.195548,0.00488345,7.57591e-05,2.01063e-07,4.72857e-12,2.81372e-17,1.22711e-27,1.83e-37,0.352278
7.65426e-57,3.81232e-77,2.03985e-119,-3.92507e-99,-1.11816e-68,-7.16634e-49,-4.15968e-33,-5.54238e-24,-1.67962e-15,-8.89574e-08,-0.000435977,-0.0114494,0.0834223,0.181726,0.279366,0.376259,0.472469,0.568022,0.662871,0.756863,0.849692,0.940669,1.03132,1.08675,1.0662,1.01876,0.982808,0.989245,0.999315,1.00224,1.00084,0.999725,0.999842,1.00002,1.00002,0.999999,0.999999,0.999997,0.99991,0.997136,0.917674,0.243779,0.00482465,0.000142455,2.4027e-07,1.98792e-11,4.9336e-17,2.71189e-26,6.93402e-37,0.357916
2.72747e-54,4.89159e-76,5.01306e-114,-4.17345e-99,-2.0737e-68,-7.31355e-49,-5.60062e-33,-5.54238e-24,-1.92883e-15,-9.4384e-08,-0.000445019,-0.0114502,0.082237,0.179261,0.275632,0.371272,0.466249,0.560595,0.654267,0.747132,0.83891,0.929045,1.0174,1.08593,1.07134,1.02678,0.984451,0.987862,0.997755,1.00255,1.00114,0.999784,0.999818,0.999993,1.00002,1,0.999998,0.999997,0.999929,0.997738,0.934059,0.295758,0.00474685,0.000248669,2.73239e-07,7.12873e-11,7.87721e-17,4.32219e-25,2.17747e-36,0.363553
5.2794e-52,4.45923e-75,3.40881e-109,-4.4323e-99,-3.80246e-68,-7.46088e-49,-7.50003e-33,-5.54238e-24,-2.20944e-15,-1.00031e-07,-0.000454068,-0.0114505,0.0810827,0.176859,0.271992,0.36641,0.460185,0.553351,0.645873,0.737632,0.828376,0.917623,1.0047,1.0825,1.07477,1.03475,0.987387,0.987231,0.995858,1.00267,1.00143,0.999879,0.999815,0.99996,1.00003,1.00001,0.999998,0.999997,0.999944,0.998214,0.947343,0.350858,0.00477781,0.00040765,2.98238e-07,2.22756e-10,1.92278e-16,5.1538e-24,5.79782e-36,0.369203
5.99321e-50,5.39631e-74,7.39806e-105,-4.70249e-99,-6.90523e-68,-7.60868e-49,-9.99765e-33,-5.54238e-24,-2.52549e-15,-1.05918e-07,-0.000463146,-0.0114503,0.0799557,0.174513,0.268435,0.361659,0.454257,0.546267,0.637662,0.728334,0.818057,0.906401,0.992636,1.0774,1.07636,1.04292,0.993267,0.985148,0.99402,1.00232,1.00168,1.00008,0.999748,0.999925,1.00003,1.00001,0.999998,0.999997,0.999956,0.998591,0.958078,0.408722,0.00484769,0.000632884,3.16282e-07,6.19852e-10,3.67262e-16,4.77755e-23,3.16277e-35,0.374876
4.30519e-48,1.13286e-72,5.95487e-101,-4.98478e-99,-1.24335e-67,-7.75718e-49,-1.32735e-32,-5.54238e-24,-2.88137e-15,-1.12059e-07,-0.000472267,-0.0114497,0.0788532,0.172216,0.264953,0.357006,0.44845,0.539327,0.629615,0.719218,0.807932,0.89537,0.98092,1.06812,1.07934,1.05072,1.00039,0.98334,0.992174,1.00175,1.0018,1.00036,0.999693,0.999885,1.00003,1.00002,0.999999,0.999996,0.999965,0.99889,0.966725,0.46824,0.00567856,0.000941477,3.24318e-07,1.56027e-09,5.60401e-16,3.57556e-22,1.13225e-34,0.380552
2.05407e-46,1.18198e-71,2.02005e-97,-5.27762e-99,-2.21331e-67,-7.9054e-49,-1.75247e-32,-5.54238e-24,-3.27878e-15,-1.18421e-07,-0.000481369,-0.0114487,0.0777815,0.169982,0.261565,0.352478,0.442799,0.532571,0.621778,0.710337,0.79806,0.884602,0.96939,1.0559,1.083,1.05794,1.00851,0.981933,0.990323,1.00056,1.00224,1.0007,0.999666,0.999844,1.00002,1.00002,1,0.999996,0.999971,0.999125,0.973615,0.526716,0.00916164,0.001336,3.31624e-07,3.59048e-09,7.57666e-16,2.20725e-21,2.89858e-34,0.386212
6.84259e-45,7.20434e-71,3.18922e-94,-5.58068e-99,-3.89345e-67,-8.05313e-49,-2.30037e-32,-5.54238e-24,-3.72085e-15,-1.24995e-07,-0.00049044,-0.0114474,0.076741,0.167812,0.258273,0.348078,0.437305,0.526002,0.614157,0.701695,0.788448,0.874104,0.958138,1.04238,1.0858,1.06445,1.01682,0.981691,0.988551,0.999127,1.00262,1.00103,0.999696,0.999809,1.00001,1.00002,1.00001,0.999996,0.999976,0.99931,0.979086,0.584455,0.0145464,0.00180314,3.67395e-07,7.56184e-09,9.59645e-16,1.1455e-20,5.99378e-34,0.391855
1.635e-43,3.07739e-70,2.55365e-91,-5.8943e-99,-6.77312e-67,-8.20048e-49,-3.00331e-32,-5.54238e-24,-4.21183e-15,-1.31787e-07,-0.000499484,-0.0114457,0.0757295,0.165702,0.255071,0.343796,0.431959,0.519607,0.606736,0.693277,0.779079,0.86386,0.947185,1.02878,1.08666,1.06992,1.02476,0.983168,0.987075,0.997452,1.00293,1.00137,0.999775,0.999786,0.999982,1.00003,1.00001,0.999997,0.999979,0.999454,0.983426,0.641068,0.0219874,0.00233202,4.97383e-07,1.46212e-08,1.21147e-15,5.03021e-20,1.08949e-33,0.397491
2.84692e-42,1.05736e-69,1.07525e-88,-6.2192e-99,-1.16659e-66,-8.34771e-49,-3.90234e-32,-5.54238e-24,-4.75694e-15,-1.38813e-07,-0.000508518,-0.0114436,0.074744,0.163644,0.251948,0.33962,0.426744,0.51337,0.599495,0.68506,0.769928,0.853845,0.936416,1.01674,1.08446,1.07398,1.03257,0.985951,0.986318,0.995522,1.00298,1.00169,0.999943,0.999735,0.999943,1.00003,1.00001,0.999998,0.999982,0.999568,0.986873,0.696102,0.0318323,0.00290603,8.75521e-07,2.6197e-08,1.71827e-15,1.89027e-19,1.89954e-33,0.403133
3.71715e-41,3.43567e-69,2.49052e-86,-6.55651e-99,-1.99269e-66,-8.49524e-49,-5.05048e-32,-5.54238e-24,-5.36272e-15,-1.46097e-07,-0.000517566,-0.0114412,0.073781,0.161633,0.248894,0.335536,0.421643,0.507266,0.592407,0.677015,0.760964,0.844025,0.925827,1.0054,1.08042,1.07632,1.04064,0.990913,0.984864,0.993694,1.00253,1.00196,1.00019,0.999667,0.999894,1.00004,1.00002,1,0.999985,0.999658,0.989615,0.74634,0.0473258,0.00349808,1.86218e-06,4.38984e-08,3.50117e-15,6.18441e-19,3.81424e-33,0.408792
3.75456e-40,1.6507e-68,3.37327e-84,-6.90711e-99,-3.3792e-66,-8.64332e-49,-6.51401e-32,-5.54238e-24,-6.03601e-15,-1.53655e-07,-0.000526645,-0.0114385,0.072838,0.159662,0.245902,0.331533,0.416642,0.501281,0.585457,0.669123,0.752166,0.834378,0.915413,0.994455,1.0751,1.07702,1.04858,0.997775,0.98296,0.991853,1.00189,1.00206,1.00052,0.999614,0.999844,1.00004,1.00002,1,0.999987,0.999729,0.991795,0.790552,0.0697267,0.00404551,4.5596e-06,6.91045e-08,1.29099e-14,1.78808e-18,1.52171e-32,0.414471
3.00014e-39,6.23378e-67,2.81945e-82,-7.27116e-99,-5.68897e-66,-8.79187e-49,-8.37255e-32,-5.54238e-24,-6.78287e-15,-1.6149e-07,-0.000535747,-0.0114355,0.071915,0.157732,0.242971,0.327612,0.411742,0.495417,0.578644,0.661385,0.743535,0.824907,0.905179,0.983635,1.06454,1.08085,1.0558,1.00577,0.981427,0.989965,1.00063,1.00251,1.00087,0.999621,0.999797,1.00002,1.00002,1.00001,0.999989,0.999785,0.993525,0.828646,0.0990366,0.00448289,1.13589e-05,1.0205e-07,7.40198e-14,4.59857e-18,2.45223e-31,0.420142
1.90315e-38,4.1651e-64,1.48731e-80,-7.64643e-99,-9.48196e-66,-8.93989e-49,-1.07086e-31,-5.54238e-24,-7.60451e-15,-1.69553e-07,-0.000544812,-0.0114323,0.0710173,0.155854,0.240118,0.323794,0.406972,0.489706,0.57201,0.653846,0.735123,0.815669,0.895188,0.973015,1.05265,1.08393,1.06233,1.01432,0.980715,0.988132,0.999118,1.0029,1.00122,0.999679,0.999761,0.999995,1.00004,1.00001,0.999992,0.999829,0.994886,0.860704,0.134664,0.00476332,2.64288e-05,1.41026e-07,4.5032e-13,1.04976e-17,8.59205e-30,0.425796
9.66554e-38,5.52343e-61,5.03913e-79,-8.03328e-99,-1.5655e-65,-9.08749e-49,-1.36335e-31,-5.54238e-24,-8.50727e-15,-1.77851e-07,-0.000553846,-0.0114287,0.0701434,0.154025,0.237339,0.320075,0.402323,0.484141,0.565541,0.646495,0.726917,0.806652,0.885425,0.962656,1.03962,1.08617,1.06791,1.02236,0.981902,0.98654,0.997368,1.00321,1.00157,0.999783,0.999748,0.999954,1.00004,1.00002,0.999994,0.999863,0.995959,0.887356,0.175951,0.00487809,5.61377e-05,1.82901e-07,2.4085e-12,2.13704e-17,2.91109e-28,0.431437
3.97826e-37,4.88491e-58,1.1198e-77,-8.43213e-99,-2.5619e-65,-9.23479e-49,-1.72832e-31,-5.54239e-24,-9.49808e-15,-1.86391e-07,-0.000562855,-0.011425,0.0692916,0.152241,0.234628,0.316447,0.397788,0.47871,0.559229,0.639319,0.718904,0.79784,0.875877,0.952543,1.02767,1.08558,1.07247,1.03007,0.984453,0.985595,0.995421,1.00325,1.00191,1.00001,0.999669,0.999905,1.00005,1.00002,0.999997,0.99989,0.996805,0.909299,0.222148,0.00485811,0.00010918,2.23697e-07,1.08547e-11,3.90861e-17,7.36213e-27,0.437075
1.3512e-36,2.28787e-55,1.684e-76,-8.8442e-99,-4.16119e-65,-9.38217e-49,-2.18313e-31,-5.54239e-24,-1.05866e-14,-1.952e-07,-0.000571863,-0.011421,0.068459,0.150497,0.231977,0.312898,0.39335,0.473395,0.55305,0.632293,0.711056,0.789206,0.866515,0.942569,1.01675,1.08272,1.07556,1.03793,0.989201,0.984092,0.993479,1.0028,1.00219,1.00028,0.999599,0.999852,1.00005,1.00003,1,0.999911,0.997474,0.927259,0.272578,0.00477504,0.000196573,2.59709e-07,4.15773e-11,6.49069e-17,1.34332e-25,0.442725
3.86436e-36,5.74293e-53,1.77844e-75,-9.27061e-99,-6.71585e-65,-9.52993e-49,-2.74928e-31,-5.54239e-24,-1.17831e-14,-2.04298e-07,-0.000580888,-0.0114168,0.0676432,0.148787,0.229378,0.309417,0.388999,0.468183,0.546989,0.6254,0.703352,0.780726,0.857313,0.932738,1.00634,1.07841,1.07706,1.04581,0.995763,0.982192,0.991534,1.00213,1.0023,1.00065,0.999549,0.999798,1.00004,1.00003,1.00001,0.999929,0.998003,0.941881,0.326576,0.00474034,0.000331279,2.88375e-07,1.3804e-10,9.89761e-17,1.81543e-24,0.448395
1.2917e-35,8.26514e-51,1.3716e-74,-9.71227e-99,-1.07782e-64,-9.67829e-49,-3.45304e-31,-5.5424e-24,-1.30987e-14,-2.13705e-07,-0.000589942,-0.0114123,0.0668427,0.147108,0.226825,0.305999,0.384724,0.463062,0.541035,0.618626,0.69578,0.772387,0.848255,0.923047,0.99621,1.07055,1.07964,1.05326,1.00347,0.980631,0.989553,1.0008,1.00277,1.00102,0.999581,0.999749,1.00002,1.00003,1.00001,0.999944,0.998423,0.953725,0.383247,0.00514031,0.000527339,3.091e-07,4.04611e-10,2.64595e-16,1.88422e-23,0.454068
5.82638e-35,7.21464e-49,2.28504e-73,-1.01658e-98,-1.71675e-64,-9.82648e-49,-4.32103e-31,-5.5424e-24,-1.45361e-14,-2.23376e-07,-0.000598978,-0.0114076,0.0660611,0.145468,0.224331,0.302659,0.380547,0.458057,0.535213,0.612002,0.688373,0.764226,0.839386,0.913547,0.986204,1.06015,1.08278,1.06006,1.01193,0.979691,0.987633,0.999203,1.00319,1.00139,0.99966,0.999713,0.999983,1.00004,1.00002,0.999957,0.998754,0.963219,0.442448,0.00529925,0.000796723,3.23509e-07,1.06086e-09,4.51662e-16,1.54344e-22,0.459728
1.7684e-34,4.04835e-47,3.42669e-72,-3.93734e-99,-2.71243e-64,-9.97424e-49,-5.38593e-31,-5.54241e-24,-1.61013e-14,-2.33298e-07,-0.00060798,-0.0114028,0.065299,0.143869,0.221898,0.2994,0.376471,0.453172,0.52953,0.605535,0.68114,0.756254,0.830715,0.904247,0.976394,1.0486,1.0852,1.06595,1.01992,0.980617,0.985924,0.997361,1.00352,1.00177,0.999783,0.999707,0.99993,1.00005,1.00002,0.999968,0.999014,0.970791,0.501362,0.00745294,0.00115181,3.31016e-07,2.52302e-09,6.50103e-16,1.02457e-21,0.465374
4.08958e-34,1.54382e-45,2.75497e-71,1.41568e-95,-4.25311e-64,-1.01217e-48,-6.68857e-31,-5.54242e-24,-1.78043e-14,-2.43476e-07,-0.000616954,-0.0113978,0.0645552,0.142307,0.219522,0.296217,0.372489,0.4484,0.523978,0.599215,0.674069,0.748457,0.822231,0.895138,0.966799,1.03683,1.08607,1.07087,1.02761,0.982932,0.984804,0.99535,1.00356,1.00214,1.00004,0.999621,0.999878,1.00005,1.00003,0.999977,0.999219,0.97682,0.559215,0.0120344,0.00158631,3.50606e-07,5.49972e-09,8.52427e-16,5.67675e-21,0.471012
7.97893e-34,4.20216e-44,1.42437e-70,1.47258e-92,-6.62342e-64,-1.0269e-48,-8.27889e-31,-5.54243e-24,-1.9657e-14,-2.53927e-07,-0.000625913,-0.0113926,0.063828,0.14078,0.217198,0.293103,0.368592,0.44373,0.518544,0.593028,0.667146,0.74082,0.813916,0.886202,0.95733,1.0264,1.08426,1.07456,1.0353,0.986146,0.984552,0.993316,1.00312,1.00244,1.00034,0.999547,0.999822,1.00005,1.00004,0.999987,0.999381,0.981618,0.616311,0.0185236,0.00208849,4.29266e-07,1.10118e-08,1.07898e-15,2.66545e-20,0.476656
1.42953e-33,8.3549e-43,5.546e-70,8.06895e-90,-1.02561e-63,-1.04165e-48,-1.02195e-30,-5.54244e-24,-2.1675e-14,-2.64681e-07,-0.000634878,-0.0113872,0.0631152,0.139282,0.214918,0.290048,0.36477,0.439148,0.513212,0.586956,0.66035,0.733321,0.805746,0.877414,0.947995,1.01655,1.08084,1.07675,1.04318,0.992387,0.982473,0.991444,1.0024,1.00256,1.00075,0.999494,0.999764,1.00004,1.00004,0.999997,0.999511,0.98544,0.672203,0.0272891,0.00264556,6.76139e-07,2.03952e-08,1.44034e-15,1.07063e-19,0.482315
2.67131e-33,1.23893e-41,1.88069e-69,2.42185e-87,-1.58026e-63,-1.05646e-48,-1.25853e-30,-5.54245e-24,-2.38739e-14,-2.75758e-07,-0.000643863,-0.0113817,0.0624153,0.13781,0.212678,0.287046,0.361014,0.434645,0.50797,0.580987,0.653667,0.725944,0.797705,0.868758,0.93879,1.00701,1.0763,1.07748,1.0508,0.999783,0.980712,0.989503,1.00101,1.00305,1.00115,0.999537,0.99971,1,1.00005,1.00001,0.999615,0.988483,0.7252,0.0399396,0.00323652,1.33738e-06,3.52323e-08,2.45741e-15,3.72781e-19,0.487991
7.43565e-33,1.40508e-40,7.30553e-69,4.16975e-85,-2.42309e-63,-1.07131e-48,-1.54629e-30,-5.54247e-24,-2.62676e-14,-2.87163e-07,-0.000652867,-0.011376,0.0617279,0.136364,0.210477,0.284097,0.357322,0.430219,0.502817,0.575118,0.647095,0.718688,0.789792,0.860233,0.929717,0.997577,1.06727,1.0808,1.05772,1.00823,0.979376,0.98758,0.99937,1.00347,1.00156,0.999633,0.999674,0.999958,1.00006,1.00002,0.999698,0.990901,0.772263,0.0594,0.00381283,3.11992e-06,5.70853e-08,7.04747e-15,1.14018e-18,0.493661
6.65769e-32,1.2385e-39,9.23356e-68,4.27932e-83,-3.68937e-63,-1.08611e-48,-1.89332e-30,-5.54249e-24,-2.88545e-14,-2.9883e-07,-0.000661834,-0.0113702,0.061057,0.134953,0.208328,0.281215,0.353715,0.425894,0.497782,0.569383,0.640671,0.711593,0.782052,0.851888,0.920828,0.988272,1.05705,1.08348,1.0637,1.01664,0.979577,0.985789,0.997492,1.00381,1.00196,0.999835,0.999609,0.999898,1.00007,1.00003,0.999765,0.992809,0.812886,0.0857004,0.0043023,7.77855e-06,8.65894e-08,3.49051e-14,3.07855e-18,0.499317
