-0.0317226,-0.0950401,-0.157975,-0.220274,-0.281685,-0.341963,-0.400863,-0.45815,-0.513591,-0.566965,-0.618055,-0.666657,-0.712575,-0.755623,-0.795628,-0.83243,-0.86588,-0.895843,-0.9222,-0.944842,-0.96368,-0.978638,-0.989655,-0.996687,-0.999706,-0.9987,-0.993672,-0.984642,-0.971648,-0.954742,-0.933991,-0.909479,-0.881305,-0.849583,-0.814439,-0.776016,-0.734468,-0.689963,-0.64268,-0.592808,-0.54055,-0.486115,-0.429723,-0.3716,-0.311981,-0.251106,-0.189219,-0.126571,-0.0634133,0,0.0634133,0.126571,0.189219,0.251106,0.311981,0.3716,0.429723,0.486115,0.54055,0.592808,0.64268,0.689963,0.734468,0.776016,0.814439,0.849583,0.881305,0.909479,0.933991,0.954742,0.971648,0.984642,0.993672,0.9987,0.999706,0.996687,0.989655,0.978638,0.96368,0.944842,0.9222,0.895843,0.86588,0.83243,0.795628,0.755623,0.712575,0.666657,0.618055,0.566965,0.513591,0.45815,0.400863,0.341963,0.281685,0.220274,0.157975,0.0950401,0.0317226,0
-0.0320249,-0.0959422,-0.159462,-0.222322,-0.284262,-0.345025,-0.404363,-0.462029,-0.517788,-0.571411,-0.622679,-0.671384,-0.717328,-0.760326,-0.800205,-0.836807,-0.869987,-0.899614,-0.925572,-0.947764,-0.966104,-0.980524,-0.990974,-0.997418,-0.999837,-0.998229,-0.992607,-0.983001,-0.969457,-0.952036,-0.930814,-0.905883,-0.877347,-0.845327,-0.809953,-0.771373,-0.729742,-0.685229,-0.638015,-0.588287,-0.536244,-0.482094,-0.426051,-0.368336,-0.309177,-0.248807,-0.187462,-0.125384,-0.0628149,-4.0778e-18,0.0628149,0.125384,0.187462,0.248807,0.309177,0.368336,0.426051,0.482094,0.536244,0.588287,0.638015,0.685229,0.729742,0.771373,0.809953,0.845327,0.877347,0.905883,0.930814,0.952036,0.969457,0.983001,0.992607,0.998229,0.999837,0.997418,0.990974,0.980524,0.966104,0.947764,0.925572,0.899614,0.869987,0.836807,0.800205,0.760326,0.717328,0.671384,0.622679,0.571411,0.517788,0.462029,0.404363,0.345025,0.284262,0.222322,0.159462,0.0959422,0.0320249,0.00202053
-0.032333,-0.0968613,-0.160977,-0.224407,-0.286883,-0.348139,-0.407917,-0.465965,-0.52204,-0.575909,-0.627349,-0.676149,-0.72211,-0.765047,-0.804788,-0.841177,-0.874072,-0.903349,-0.928898,-0.950626,-0.968457,-0.982332,-0.992209,-0.99806,-0.999878,-0.997669,-0.991456,-0.98128,-0.967194,-0.949268,-0.927587,-0.902249,-0.873365,-0.841059,-0.80547,-0.766744,-0.725042,-0.680532,-0.633394,-0.583816,-0.531993,-0.478129,-0.422434,-0.365125,-0.306421,-0.246549,-0.185737,-0.124219,-0.0622277,-8.12253e-18,0.0622277,0.124219,0.185737,0.246549,0.306421,0.365125,0.422434,0.478129,0.531993,0.583816,0.633394,0.680532,0.725042,0.766744,0.80547,0.841059,0.873365,0.902249,0.927587,0.949268,0.967194,0.98128,0.991456,0.997669,0.999878,0.99806,0.992209,0.982332,0.968457,0.950626,0.928898,0.903349,0.874072,0.841177,0.804788,0.765047,0.72211,0.676149,0.627349,0.575909,0.52204,0.465965,0.407917,0.348139,0.286883,0.224407,0.160977,0.0968613,0.032333,0.00505125
-0.032647,-0.0977979,-0.16252,-0.226531,-0.28955,-0.351304,-0.411527,-0.469958,-0.526349,-0.580461,-0.632067,-0.680954,-0.726922,-0.769785,-0.809375,-0.845537,-0.878135,-0.907048,-0.932174,-0.953427,-0.97074,-0.984061,-0.993358,-0.998613,-0.999828,-0.99702,-0.990221,-0.97948,-0.964861,-0.946441,-0.924312,-0.898579,-0.869359,-0.836783,-0.800989,-0.762131,-0.720368,-0.675871,-0.628818,-0.579395,-0.527796,-0.47422,-0.418873,-0.361965,-0.303711,-0.24433,-0.184043,-0.123075,-0.0616513,-1.20966e-17,0.0616513,0.123075,0.184043,0.24433,0.303711,0.361965,0.418873,0.47422,0.527796,0.579395,0.628818,0.675871,0.720368,0.762131,0.800989,0.836783,0.869359,0.898579,0.924312,0.946441,0.964861,0.97948,0.990221,0.99702,0.999828,0.998613,0.993358,0.984061,0.97074,0.953427,0.932174,0.907048,0.878135,0.845537,0.809375,0.769785,0.726922,0.680954,0.632067,0.580461,0.526349,0.469958,0.411527,0.351304,0.28955,0.226531,0.16252,0.0977979,0.032647,0.00808202
-0.0329672,-0.0987527,-0.164093,-0.228693,-0.292265,-0.354524,-0.415194,-0.47401,-0.530715,-0.585066,-0.636832,-0.685797,-0.731761,-0.774539,-0.813965,-0.849886,-0.882172,-0.910708,-0.935399,-0.956166,-0.97295,-0.985709,-0.99442,-0.999077,-0.999689,-0.996284,-0.988903,-0.977604,-0.962459,-0.943555,-0.92099,-0.894874,-0.865333,-0.832498,-0.796514,-0.757535,-0.715722,-0.671246,-0.624285,-0.575023,-0.523651,-0.470364,-0.415364,-0.358855,-0.301046,-0.242149,-0.182379,-0.121951,-0.0610855,-1.60167e-17,0.0610855,0.121951,0.182379,0.242149,0.301046,0.358855,0.415364,0.470364,0.523651,0.575023,0.624285,0.671246,0.715722,0.757535,0.796514,0.832498,0.865333,0.894874,0.92099,0.943555,0.962459,0.977604,0.988903,0.996284,0.999689,0.999077,0.99442,0.985709,0.97295,0.956166,0.935399,0.910708,0.882172,0.849886,0.813965,0.774539,0.731761,0.685797,0.636832,0.585066,0.530715,0.47401,0.415194,0.354524,0.292265,0.228693,0.164093,0.0987527,0.0329672,0.0111131
-0.0332936,-0.0997262,-0.165696,-0.230897,-0.295029,-0.357798,-0.418921,-0.478122,-0.53514,-0.589725,-0.641644,-0.690679,-0.736628,-0.779309,-0.818556,-0.854223,-0.886183,-0.914328,-0.93857,-0.958839,-0.975085,-0.987275,-0.995396,-0.999451,-0.99946,-0.99546,-0.987501,-0.975652,-0.959991,-0.940613,-0.917623,-0.891138,-0.861287,-0.828207,-0.792044,-0.752956,-0.711104,-0.666659,-0.619797,-0.570701,-0.519559,-0.466562,-0.411907,-0.355793,-0.298424,-0.240005,-0.180743,-0.120848,-0.0605299,-1.98614e-17,0.0605299,0.120848,0.180743,0.240005,0.298424,0.355793,0.411907,0.466562,0.519559,0.570701,0.619797,0.666659,0.711104,0.752956,0.792044,0.828207,0.861287,0.891138,0.917623,0.940613,0.959991,0.975652,0.987501,0.99546,0.99946,0.999451,0.995396,0.987275,0.975085,0.958839,0.93857,0.914328,0.886183,0.854223,0.818556,0.779309,0.736628,0.690679,0.641644,0.589725,0.53514,0.478122,0.418921,0.357798,0.295029,0.230897,0.165696,0.0997262,0.0332936,0.0141448
-0.0336267,-0.100719,-0.16733,-0.233142,-0.297843,-0.36113,-0.422708,-0.482296,-0.539625,-0.59444,-0.646505,-0.695599,-0.741522,-0.784092,-0.823147,-0.858544,-0.890164,-0.917904,-0.941685,-0.961445,-0.977144,-0.988758,-0.996284,-0.999735,-0.999141,-0.994549,-0.986018,-0.973625,-0.957458,-0.937616,-0.914214,-0.887372,-0.857224,-0.823911,-0.787582,-0.748395,-0.706514,-0.662107,-0.615352,-0.566427,-0.515517,-0.462811,-0.4085,-0.352779,-0.295845,-0.237897,-0.179136,-0.119764,-0.0599841,-2.36636e-17,0.0599841,0.119764,0.179136,0.237897,0.295845,0.352779,0.4085,0.462811,0.515517,0.566427,0.615352,0.662107,0.706514,0.748395,0.787582,0.823911,0.857224,0.887372,0.914214,0.937616,0.957458,0.973625,0.986018,0.994549,0.999141,0.999735,0.996284,0.988758,0.977144,0.961445,0.941685,0.917904,0.890164,0.858544,0.823147,0.784092,0.741522,0.695599,0.646505,0.59444,0.539625,0.482296,0.422708,0.36113,0.297843,0.233142,0.16733,0.100719,0.0336267,0.0171762
-0.0339663,-0.101731,-0.168995,-0.235428,-0.300707,-0.364518,-0.426555,-0.48653,-0.544167,-0.599207,-0.65141,-0.700554,-0.746439,-0.788885,-0.827733,-0.862847,-0.894112,-0.921434,-0.944741,-0.963982,-0.979124,-0.990156,-0.997083,-0.999929,-0.998734,-0.993553,-0.984456,-0.971527,-0.954863,-0.934569,-0.910766,-0.883579,-0.853147,-0.819614,-0.783131,-0.743857,-0.701955,-0.657596,-0.610952,-0.562203,-0.511528,-0.459113,-0.405145,-0.349813,-0.293309,-0.235826,-0.177557,-0.1187,-0.0594482,-2.73942e-17,0.0594482,0.1187,0.177557,0.235826,0.293309,0.349813,0.405145,0.459113,0.511528,0.562203,0.610952,0.657596,0.701955,0.743857,0.783131,0.819614,0.853147,0.883579,0.910766,0.934569,0.954863,0.971527,0.984456,0.993553,0.998734,0.999929,0.997083,0.990156,0.979124,0.963982,0.944741,0.921434,0.894112,0.862847,0.827733,0.788885,0.746439,0.700554,0.65141,0.599207,0.544167,0.48653,0.426555,0.364518,0.300707,0.235428,0.168995,0.101731,0.0339663,0.0202069
-0.0343127,-0.102764,-0.170693,-0.237758,-0.303624,-0.367963,-0.430463,-0.490826,-0.548768,-0.604028,-0.65636,-0.705544,-0.751378,-0.793686,-0.832313,-0.867129,-0.898024,-0.924915,-0.947736,-0.966447,-0.981025,-0.991468,-0.997793,-1.00003,-0.998237,-0.992472,-0.982816,-0.96936,-0.952207,-0.931473,-0.907281,-0.879762,-0.849059,-0.815317,-0.778691,-0.739341,-0.697428,-0.653124,-0.606599,-0.558028,-0.507591,-0.455467,-0.40184,-0.346894,-0.290815,-0.233789,-0.176006,-0.117654,-0.0589219,-3.10753e-17,0.0589219,0.117654,0.176006,0.233789,0.290815,0.346894,0.40184,0.455467,0.507591,0.558028,0.606599,0.653124,0.697428,0.739341,0.778691,0.815317,0.849059,0.879762,0.907281,0.931473,0.952207,0.96936,0.982816,0.992472,0.998237,1.00003,0.997793,0.991468,0.981025,0.966447,0.947736,0.924915,0.898024,0.867129,0.832313,0.793686,0.751378,0.705544,0.65636,0.604028,0.548768,0.490826,0.430463,0.367963,0.303624,0.237758,0.170693,0.102764,0.0343127,0.0232372
-0.0346661,-0.103817,-0.172425,-0.240133,-0.306593,-0.371468,-0.434434,-0.495184,-0.553429,-0.608902,-0.661355,-0.710567,-0.756338,-0.798494,-0.836885,-0.871387,-0.901899,-0.928344,-0.950667,-0.968838,-0.982843,-0.992693,-0.998412,-1.00005,-0.997653,-0.991308,-0.981098,-0.967124,-0.949494,-0.92833,-0.903761,-0.875923,-0.84496,-0.811023,-0.774265,-0.734848,-0.692934,-0.648691,-0.602289,-0.553902,-0.503704,-0.451872,-0.398584,-0.34402,-0.288361,-0.231787,-0.174481,-0.116626,-0.0584048,-3.46856e-17,0.0584048,0.116626,0.174481,0.231787,0.288361,0.34402,0.398584,0.451872,0.503704,0.553902,0.602289,0.648691,0.692934,0.734848,0.774265,0.811023,0.84496,0.875923,0.903761,0.92833,0.949494,0.967124,0.981098,0.991308,0.997653,1.00005,0.998412,0.992693,0.982843,0.968838,0.950667,0.928344,0.901899,0.871387,0.836885,0.798494,0.756338,0.710567,0.661355,0.608902,0.553429,0.495184,0.434434,0.371468,0.306593,0.240133,0.172425,0.103817,0.0346661,0.0262674
-0.0350268,-0.104891,-0.17419,-0.242553,-0.309618,-0.375034,-0.438469,-0.499606,-0.558151,-0.61383,-0.666395,-0.715624,-0.761318,-0.803307,-0.841447,-0.87562,-0.905734,-0.931719,-0.953533,-0.971154,-0.98458,-0.99383,-0.998942,-0.999969,-0.996981,-0.990062,-0.979306,-0.964821,-0.946725,-0.925142,-0.900208,-0.872063,-0.840853,-0.806731,-0.769853,-0.730378,-0.688471,-0.644297,-0.598025,-0.549824,-0.499867,-0.448326,-0.395376,-0.341191,-0.285946,-0.229818,-0.172983,-0.115617,-0.0578968,-3.82145e-17,0.0578968,0.115617,0.172983,0.229818,0.285946,0.341191,0.395376,0.448326,0.499867,0.549824,0.598025,0.644297,0.688471,0.730378,0.769853,0.806731,0.840853,0.872063,0.900208,0.925142,0.946725,0.964821,0.979306,0.990062,0.996981,0.999969,0.998942,0.99383,0.98458,0.971154,0.953533,0.931719,0.905734,0.87562,0.841447,0.803307,0.761318,0.715624,0.666395,0.61383,0.558151,0.499606,0.438469,0.375034,0.309618,0.242553,0.17419,0.104891,0.0350268,0.0292977
-0.0353951,-0.105988,-0.175992,-0.245021,-0.312699,-0.378663,-0.44257,-0.504094,-0.562934,-0.618813,-0.67148,-0.720713,-0.766316,-0.808123,-0.845997,-0.879826,-0.909526,-0.93504,-0.956332,-0.973393,-0.986232,-0.994878,-0.99938,-0.999802,-0.996223,-0.988734,-0.977439,-0.962454,-0.943901,-0.921911,-0.896624,-0.868184,-0.836739,-0.802444,-0.765455,-0.725933,-0.684041,-0.639942,-0.593804,-0.545793,-0.496079,-0.444829,-0.392214,-0.338404,-0.28357,-0.227881,-0.171509,-0.114624,-0.0573974,-4.16787e-17,0.0573974,0.114624,0.171509,0.227881,0.28357,0.338404,0.392214,0.444829,0.496079,0.545793,0.593804,0.639942,0.684041,0.725933,0.765455,0.802444,0.836739,0.868184,0.896624,0.921911,0.943901,0.962454,0.977439,0.988734,0.996223,0.999802,0.99938,0.994878,0.986232,0.973393,0.956332,0.93504,0.909526,0.879826,0.845997,0.808123,0.766316,0.720713,0.67148,0.618813,0.562934,0.504094,0.44257,0.378663,0.312699,0.245021,0.175992,0.105988,0.0353951,0.0323285
-0.0357712,-0.107108,-0.177831,-0.247538,-0.315838,-0.382356,-0.446738,-0.508648,-0.567779,-0.623851,-0.67661,-0.725834,-0.771332,-0.812942,-0.850533,-0.884002,-0.913274,-0.938302,-0.959062,-0.975554,-0.987799,-0.995838,-0.999729,-0.999546,-0.995378,-0.987326,-0.9755,-0.960023,-0.941024,-0.918639,-0.893011,-0.864287,-0.832619,-0.798161,-0.761073,-0.721513,-0.679643,-0.635626,-0.589627,-0.541809,-0.492338,-0.441379,-0.389098,-0.33566,-0.28123,-0.225975,-0.170059,-0.113648,-0.0569065,-4.50675e-17,0.0569065,0.113648,0.170059,0.225975,0.28123,0.33566,0.389098,0.441379,0.492338,0.541809,0.589627,0.635626,0.679643,0.721513,0.761073,0.798161,0.832619,0.864287,0.893011,0.918639,0.941024,0.960023,0.9755,0.987326,0.995378,0.999546,0.999729,0.995838,0.987799,0.975554,0.959062,0.938302,0.913274,0.884002,0.850533,0.812942,0.771332,0.725834,0.67661,0.623851,0.567779,0.508648,0.446738,0.382356,0.315838,0.247538,0.177831,0.107108,0.0357712,0.0353595
-0.0361554,-0.108252,-0.179708,-0.250104,-0.319037,-0.386115,-0.450974,-0.513269,-0.572687,-0.628942,-0.681782,-0.730985,-0.776363,-0.81776,-0.855052,-0.888145,-0.916975,-0.941504,-0.96172,-0.977634,-0.989279,-0.996707,-0.999986,-0.999201,-0.994449,-0.985839,-0.97349,-0.957531,-0.938097,-0.915327,-0.88937,-0.860374,-0.828494,-0.793886,-0.756707,-0.717118,-0.675278,-0.631349,-0.585493,-0.537871,-0.488645,-0.437976,-0.386026,-0.332957,-0.278928,-0.2241,-0.168633,-0.112688,-0.0564238,-4.84131e-17,0.0564238,0.112688,0.168633,0.2241,0.278928,0.332957,0.386026,0.437976,0.488645,0.537871,0.585493,0.631349,0.675278,0.717118,0.756707,0.793886,0.828494,0.860374,0.88937,0.915327,0.938097,0.957531,0.97349,0.985839,0.994449,0.999201,0.999986,0.996707,0.989279,0.977634,0.96172,0.941504,0.916975,0.888145,0.855052,0.81776,0.776363,0.730985,0.681782,0.628942,0.572687,0.513269,0.450974,0.386115,0.319037,0.250104,0.179708,0.108252,0.0361554,0.0383901
-0.0365477,-0.109419,-0.181623,-0.252722,-0.322295,-0.38994,-0.455278,-0.517957,-0.577656,-0.634086,-0.686995,-0.736163,-0.781405,-0.822573,-0.85955,-0.892252,-0.920625,-0.944642,-0.964304,-0.979632,-0.990672,-0.997485,-1.00015,-0.998767,-0.993435,-0.984275,-0.971412,-0.954981,-0.935122,-0.91198,-0.885705,-0.85645,-0.82437,-0.789621,-0.752362,-0.712751,-0.670949,-0.627113,-0.581404,-0.53398,-0.484999,-0.43462,-0.383,-0.330295,-0.276662,-0.222255,-0.167231,-0.111745,-0.0559494,-5.16983e-17,0.0559494,0.111745,0.167231,0.222255,0.276662,0.330295,0.383,0.43462,0.484999,0.53398,0.581404,0.627113,0.670949,0.712751,0.752362,0.789621,0.82437,0.85645,0.885705,0.91198,0.935122,0.954981,0.971412,0.984275,0.993435,0.998767,1.00015,0.997485,0.990672,0.979632,0.964304,0.944642,0.920625,0.892252,0.85955,0.822573,0.781405,0.736163,0.686995,0.634086,0.577656,0.517957,0.455278,0.38994,0.322295,0.252722,0.181623,0.109419,0.0365477,0.0414201
-0.0369484,-0.110612,-0.183577,-0.255392,-0.325616,-0.393833,-0.459651,-0.522712,-0.582686,-0.639283,-0.692248,-0.741366,-0.786457,-0.827379,-0.864025,-0.89632,-0.924221,-0.947714,-0.966811,-0.981546,-0.991976,-0.998173,-1.00023,-0.998246,-0.99234,-0.982636,-0.969268,-0.952375,-0.932102,-0.908599,-0.882019,-0.852515,-0.820245,-0.785366,-0.748036,-0.708413,-0.666654,-0.622917,-0.577359,-0.530135,-0.481401,-0.431311,-0.380017,-0.327674,-0.274431,-0.22044,-0.165853,-0.110817,-0.0554829,-5.49233e-17,0.0554829,0.110817,0.165853,0.22044,0.274431,0.327674,0.380017,0.431311,0.481401,0.530135,0.577359,0.622917,0.666654,0.708413,0.748036,0.785366,0.820245,0.852515,0.882019,0.908599,0.932102,0.952375,0.969268,0.982636,0.99234,0.998246,1.00023,0.998173,0.991976,0.981546,0.966811,0.947714,0.924221,0.89632,0.864025,0.827379,0.786457,0.741366,0.692248,0.639283,0.582686,0.522712,0.459651,0.393833,0.325616,0.255392,0.183577,0.110612,0.0369484,0.0444498
-0.0373579,-0.11183,-0.185573,-0.258115,-0.329,-0.397794,-0.464096,-0.527535,-0.587778,-0.644531,-0.697541,-0.746595,-0.791518,-0.832177,-0.868474,-0.900346,-0.927761,-0.950718,-0.969241,-0.983375,-0.99319,-0.998769,-1.00021,-0.997637,-0.991162,-0.980923,-0.967058,-0.949713,-0.929038,-0.905186,-0.878311,-0.848571,-0.816122,-0.781123,-0.743731,-0.704103,-0.662394,-0.618761,-0.573358,-0.526336,-0.477849,-0.428046,-0.377078,-0.325092,-0.272235,-0.218655,-0.164496,-0.109904,-0.0550242,-5.80939e-17,0.0550242,0.109904,0.164496,0.218655,0.272235,0.325092,0.377078,0.428046,0.477849,0.526336,0.573358,0.618761,0.662394,0.704103,0.743731,0.781123,0.816122,0.848571,0.878311,0.905186,0.929038,0.949713,0.967058,0.980923,0.991162,0.997637,1.00021,0.998769,0.99319,0.983375,0.969241,0.950718,0.927761,0.900346,0.868474,0.832177,0.791518,0.746595,0.697541,0.644531,0.587778,0.527535,0.464096,0.397794,0.329,0.258115,0.185573,0.11183,0.0373579,0.0474795
-0.0377765,-0.113075,-0.187612,-0.260895,-0.332449,-0.401827,-0.468613,-0.532428,-0.592933,-0.649832,-0.702873,-0.751846,-0.796585,-0.836964,-0.872895,-0.904328,-0.931244,-0.953653,-0.971591,-0.985118,-0.994313,-0.999274,-1.00011,-0.996942,-0.989905,-0.979137,-0.964785,-0.946999,-0.925932,-0.901742,-0.874585,-0.844618,-0.812002,-0.776892,-0.739447,-0.699821,-0.658169,-0.614645,-0.569399,-0.522582,-0.474342,-0.424826,-0.37418,-0.322548,-0.270072,-0.216897,-0.163161,-0.109007,-0.054573,-6.12157e-17,0.054573,0.109007,0.163161,0.216897,0.270072,0.322548,0.37418,0.424826,0.474342,0.522582,0.569399,0.614645,0.658169,0.699821,0.739447,0.776892,0.812002,0.844618,0.874585,0.901742,0.925932,0.946999,0.964785,0.979137,0.989905,0.996942,1.00011,0.999274,0.994313,0.985118,0.971591,0.953653,0.931244,0.904328,0.872895,0.836964,0.796585,0.751846,0.702873,0.649832,0.592933,0.532428,0.468613,0.401827,0.332449,0.260895,0.187612,0.113075,0.0377765,0.0505093
-0.0382045,-0.114347,-0.189695,-0.263732,-0.335967,-0.405934,-0.473205,-0.537392,-0.598152,-0.655185,-0.708243,-0.757119,-0.801656,-0.841737,-0.877287,-0.908265,-0.934667,-0.956515,-0.97386,-0.986773,-0.995346,-0.999687,-0.999915,-0.996162,-0.988568,-0.977281,-0.962451,-0.944233,-0.922787,-0.898269,-0.87084,-0.84066,-0.807885,-0.772675,-0.735184,-0.695568,-0.653979,-0.610568,-0.565483,-0.518872,-0.470879,-0.421649,-0.371323,-0.320041,-0.267943,-0.215166,-0.161847,-0.108123,-0.0541291,-6.42728e-17,0.0541291,0.108123,0.161847,0.215166,0.267943,0.320041,0.371323,0.421649,0.470879,0.518872,0.565483,0.610568,0.653979,0.695568,0.735184,0.772675,0.807885,0.84066,0.87084,0.898269,0.922787,0.944233,0.962451,0.977281,0.988568,0.996162,0.999915,0.999687,0.995346,0.986773,0.97386,0.956515,0.934667,0.908265,0.877287,0.841737,0.801656,0.757119,0.708243,0.655185,0.598152,0.537392,0.473205,0.405934,0.335967,0.263732,0.189695,0.114347,0.0382045,0.0535397
-0.0386424,-0.115648,-0.191823,-0.266629,-0.339554,-0.410115,-0.477872,-0.542428,-0.603434,-0.66059,-0.71365,-0.762413,-0.80673,-0.846495,-0.881645,-0.912153,-0.938027,-0.959304,-0.976046,-0.98834,-0.996288,-1.00001,-0.999631,-0.995297,-0.987154,-0.975354,-0.960056,-0.941418,-0.919602,-0.894769,-0.86708,-0.836695,-0.803773,-0.768471,-0.730944,-0.691344,-0.649823,-0.606529,-0.561608,-0.515204,-0.46746,-0.418514,-0.368505,-0.317571,-0.265845,-0.213462,-0.160554,-0.107254,-0.0536922,-6.72817e-17,0.0536922,0.107254,0.160554,0.213462,0.265845,0.317571,0.368505,0.418514,0.46746,0.515204,0.561608,0.606529,0.649823,0.691344,0.730944,0.768471,0.803773,0.836695,0.86708,0.894769,0.919602,0.941418,0.960056,0.975354,0.987154,0.995297,0.999631,1.00001,0.996288,0.98834,0.976046,0.959304,0.938027,0.912153,0.881645,0.846495,0.80673,0.762413,0.71365,0.66059,0.603434,0.542428,0.477872,0.410115,0.339554,0.266629,0.191823,0.115648,0.0386424,0.0565701
-0.0390902,-0.116979,-0.193998,-0.269587,-0.343211,-0.414372,-0.482616,-0.547536,-0.608779,-0.666045,-0.719091,-0.767723,-0.811802,-0.851234,-0.885967,-0.915988,-0.941321,-0.962015,-0.978148,-0.989817,-0.997138,-1.00024,-0.999259,-0.994349,-0.985663,-0.973361,-0.957604,-0.938557,-0.916383,-0.891245,-0.863307,-0.832728,-0.799668,-0.764283,-0.726727,-0.687151,-0.645703,-0.602531,-0.557776,-0.511581,-0.464084,-0.415421,-0.365728,-0.315136,-0.263779,-0.211784,-0.159281,-0.106398,-0.0532624,-7.02308e-17,0.0532624,0.106398,0.159281,0.211784,0.263779,0.315136,0.365728,0.415421,0.464084,0.511581,0.557776,0.602531,0.645703,0.687151,0.726727,0.764283,0.799668,0.832728,0.863307,0.891245,0.916383,0.938557,0.957604,0.973361,0.985663,0.994349,0.999259,1.00024,0.997138,0.989817,0.978148,0.962015,0.941321,0.915988,0.885967,0.851234,0.811802,0.767723,0.719091,0.666045,0.608779,0.547536,0.482616,0.414372,0.343211,0.269587,0.193998,0.116979,0.0390902,0.0595999
-0.0395483,-0.118339,-0.196221,-0.272606,-0.34694,-0.418706,-0.487435,-0.552714,-0.614184,-0.671548,-0.724563,-0.773048,-0.81687,-0.855949,-0.890248,-0.919768,-0.944546,-0.964648,-0.980163,-0.991203,-0.997894,-1.00038,-0.998799,-0.993319,-0.984099,-0.971302,-0.955097,-0.935651,-0.91313,-0.887699,-0.859522,-0.82876,-0.795572,-0.760113,-0.722535,-0.682989,-0.64162,-0.598572,-0.553986,-0.508001,-0.460751,-0.41237,-0.362989,-0.312738,-0.261744,-0.210132,-0.158028,-0.105556,-0.0528394,-7.31411e-17,0.0528394,0.105556,0.158028,0.210132,0.261744,0.312738,0.362989,0.41237,0.460751,0.508001,0.553986,0.598572,0.64162,0.682989,0.722535,0.760113,0.795572,0.82876,0.859522,0.887699,0.91313,0.935651,0.955097,0.971302,0.984099,0.993319,0.998799,1.00038,0.997894,0.991203,0.980163,0.964648,0.944546,0.919768,0.890248,0.855949,0.81687,0.773048,0.724563,0.671548,0.614184,0.552714,0.487435,0.418706,0.34694,0.272606,0.196221,0.118339,0.0395483,0.0626292
-0.040017,-0.119731,-0.198493,-0.275689,-0.350743,-0.423118,-0.492333,-0.557964,-0.619652,-0.677097,-0.730066,-0.778384,-0.821931,-0.860639,-0.894486,-0.923489,-0.9477,-0.967199,-0.982091,-0.992498,-0.998559,-1.00042,-0.998253,-0.992209,-0.982461,-0.96918,-0.952537,-0.932703,-0.909845,-0.884132,-0.855728,-0.824793,-0.791485,-0.75596,-0.718369,-0.678858,-0.637572,-0.594653,-0.550239,-0.504464,-0.457461,-0.40936,-0.36029,-0.310375,-0.259739,-0.208506,-0.156795,-0.104728,-0.0524232,-7.59969e-17,0.0524232,0.104728,0.156795,0.208506,0.259739,0.310375,0.36029,0.40936,0.457461,0.504464,0.550239,0.594653,0.637572,0.678858,0.718369,0.75596,0.791485,0.824793,0.855728,0.884132,0.909845,0.932703,0.952537,0.96918,0.982461,0.992209,0.998253,1.00042,0.998559,0.992498,0.982091,0.967199,0.9477,0.923489,0.894486,0.860639,0.821931,0.778384,0.730066,0.677097,0.619652,0.557964,0.492333,0.423118,0.350743,0.275689,0.198493,0.119731,0.040017,0.0656583
-0.0404969,-0.121155,-0.200816,-0.278839,-0.354622,-0.42761,-0.49731,-0.563288,-0.625181,-0.682694,-0.735599,-0.78373,-0.826982,-0.8653,-0.898679,-0.92715,-0.950782,-0.969669,-0.983929,-0.9937,-0.99913,-1.00038,-0.99762,-0.991019,-0.980752,-0.966996,-0.949925,-0.929713,-0.906531,-0.880547,-0.851925,-0.820827,-0.787409,-0.751826,-0.714227,-0.674758,-0.63356,-0.590773,-0.546532,-0.500968,-0.454212,-0.406391,-0.357627,-0.308045,-0.257764,-0.206904,-0.155581,-0.103912,-0.0520135,-7.88093e-17,0.0520135,0.103912,0.155581,0.206904,0.257764,0.308045,0.357627,0.406391,0.454212,0.500968,0.546532,0.590773,0.63356,0.674758,0.714227,0.751826,0.787409,0.820827,0.851925,0.880547,0.906531,0.929713,0.949925,0.966996,0.980752,0.991019,0.99762,1.00038,0.99913,0.9937,0.983929,0.969669,0.950782,0.92715,0.898679,0.8653,0.826982,0.78373,0.735599,0.682694,0.625181,0.563288,0.49731,0.42761,0.354622,0.278839,0.200816,0.121155,0.0404969,0.0686874
-0.0409882,-0.122613,-0.203192,-0.282057,-0.358579,-0.432186,-0.502367,-0.568684,-0.630771,-0.688336,-0.741158,-0.789084,-0.832021,-0.869931,-0.902824,-0.930748,-0.953788,-0.972054,-0.985678,-0.994809,-0.999609,-1.00025,-0.996902,-0.989751,-0.978974,-0.964752,-0.947264,-0.926685,-0.903189,-0.876943,-0.848115,-0.816863,-0.783344,-0.747711,-0.710112,-0.67069,-0.629584,-0.586932,-0.542866,-0.497514,-0.451005,-0.40346,-0.355002,-0.305749,-0.255818,-0.205326,-0.154385,-0.103109,-0.0516102,-8.15729e-17,0.0516102,0.103109,0.154385,0.205326,0.255818,0.305749,0.355002,0.40346,0.451005,0.497514,0.542866,0.586932,0.629584,0.67069,0.710112,0.747711,0.783344,0.816863,0.848115,0.876943,0.903189,0.926685,0.947264,0.964752,0.978974,0.989751,0.996902,1.00025,0.999609,0.994809,0.985678,0.972054,0.953788,0.930748,0.902824,0.869931,0.832021,0.789084,0.741158,0.688336,0.630771,0.568684,0.502367,0.432186,0.358579,0.282057,0.203192,0.122613,0.0409882,0.0717168
-0.0414916,-0.124106,-0.205623,-0.285345,-0.362617,-0.436846,-0.507507,-0.574156,-0.636424,-0.694024,-0.746744,-0.794444,-0.837046,-0.874528,-0.906917,-0.93428,-0.956717,-0.974353,-0.987335,-0.995825,-0.999995,-1.00003,-0.996101,-0.988406,-0.977127,-0.962449,-0.944554,-0.923619,-0.899819,-0.873324,-0.844298,-0.812902,-0.779291,-0.743616,-0.706022,-0.666652,-0.625643,-0.583129,-0.539239,-0.494101,-0.447836,-0.400567,-0.352412,-0.303485,-0.2539,-0.203771,-0.153207,-0.102318,-0.0512129,-8.42665e-17,0.0512129,0.102318,0.153207,0.203771,0.2539,0.303485,0.352412,0.400567,0.447836,0.494101,0.539239,0.583129,0.625643,0.666652,0.706022,0.743616,0.779291,0.812902,0.844298,0.873324,0.899819,0.923619,0.944554,0.962449,0.977127,0.988406,0.996101,1.00003,0.999995,0.995825,0.987335,0.974353,0.956717,0.93428,0.906917,0.874528,0.837046,0.794444,0.746744,0.694024,0.636424,0.574156,0.507507,0.436846,0.362617,0.285345,0.205623,0.124106,0.0414916,0.0747468
-0.0420074,-0.125635,-0.208112,-0.288707,-0.366738,-0.441593,-0.512732,-0.579702,-0.642137,-0.699755,-0.752354,-0.799807,-0.842053,-0.879089,-0.910958,-0.937745,-0.959567,-0.976566,-0.988901,-0.996748,-1.00029,-0.999715,-0.995216,-0.986985,-0.975214,-0.96009,-0.941798,-0.920518,-0.896425,-0.86969,-0.840477,-0.808945,-0.77525,-0.739539,-0.701958,-0.662645,-0.621737,-0.579363,-0.535652,-0.490726,-0.444707,-0.397712,-0.349856,-0.301252,-0.25201,-0.202239,-0.152046,-0.101539,-0.0508217,-8.68794e-17,0.0508217,0.101539,0.152046,0.202239,0.25201,0.301252,0.349856,0.397712,0.444707,0.490726,0.535652,0.579363,0.621737,0.662645,0.701958,0.739539,0.77525,0.808945,0.840477,0.86969,0.896425,0.920518,0.941798,0.96009,0.975214,0.986985,0.995216,0.999715,1.00029,0.996748,0.988901,0.976566,0.959567,0.937745,0.910958,0.879089,0.842053,0.799807,0.752354,0.699755,0.642137,0.579702,0.512732,0.441593,0.366738,0.288707,0.208112,0.125635,0.0420074,0.0777765
-0.0425359,-0.127201,-0.210658,-0.292142,-0.370943,-0.446426,-0.518038,-0.585321,-0.647909,-0.705526,-0.757983,-0.805168,-0.847038,-0.883608,-0.91494,-0.941138,-0.962335,-0.978688,-0.990373,-0.997576,-1.00049,-0.999316,-0.99425,-0.985492,-0.973237,-0.957676,-0.938998,-0.917384,-0.893009,-0.866044,-0.836654,-0.804996,-0.771224,-0.735485,-0.697922,-0.658671,-0.617867,-0.575636,-0.532105,-0.487393,-0.441618,-0.394895,-0.347336,-0.299051,-0.250147,-0.200729,-0.150903,-0.100771,-0.0504365,-8.94373e-17,0.0504365,0.100771,0.150903,0.200729,0.250147,0.299051,0.347336,0.394895,0.441618,0.487393,0.532105,0.575636,0.617867,0.658671,0.697922,0.735485,0.771224,0.804996,0.836654,0.866044,0.893009,0.917384,0.938998,0.957676,0.973237,0.985492,0.99425,0.999316,1.00049,0.997576,0.990373,0.978688,0.962335,0.941138,0.91494,0.883608,0.847038,0.805168,0.757983,0.705526,0.647909,0.585321,0.518038,0.446426,0.370943,0.292142,0.210658,0.127201,0.0425359,0.0808055
-0.0430775,-0.128805,-0.213264,-0.295653,-0.375234,-0.451347,-0.523428,-0.591013,-0.653737,-0.711335,-0.763629,-0.810525,-0.851998,-0.888082,-0.918861,-0.944456,-0.965018,-0.98072,-0.991751,-0.99831,-1.0006,-0.99883,-0.993204,-0.983926,-0.971197,-0.955211,-0.936157,-0.914219,-0.889573,-0.862389,-0.83283,-0.801055,-0.767214,-0.731454,-0.693914,-0.65473,-0.614033,-0.571948,-0.528597,-0.484099,-0.438567,-0.392115,-0.344851,-0.296881,-0.248311,-0.199242,-0.149777,-0.100016,-0.0500571,-9.1946e-17,0.0500571,0.100016,0.149777,0.199242,0.248311,0.296881,0.344851,0.392115,0.438567,0.484099,0.528597,0.571948,0.614033,0.65473,0.693914,0.731454,0.767214,0.801055,0.83283,0.862389,0.889573,0.914219,0.936157,0.955211,0.971197,0.983926,0.993204,0.99883,1.0006,0.99831,0.991751,0.98072,0.965018,0.944456,0.918861,0.888082,0.851998,0.810525,0.763629,0.711335,0.653737,0.591013,0.523428,0.451347,0.375234,0.295653,0.213264,0.128805,0.0430775,0.0838341
-0.0436329,-0.130449,-0.215933,-0.299244,-0.379612,-0.456358,-0.528904,-0.596778,-0.659623,-0.71718,-0.769289,-0.815873,-0.856928,-0.892509,-0.922718,-0.947697,-0.967615,-0.98266,-0.993035,-0.99895,-1.00062,-0.998258,-0.992079,-0.982291,-0.969097,-0.952695,-0.933277,-0.911025,-0.886118,-0.858724,-0.829006,-0.797122,-0.76322,-0.727445,-0.689934,-0.650822,-0.610235,-0.568298,-0.525129,-0.480844,-0.435555,-0.389372,-0.342399,-0.294742,-0.246501,-0.197777,-0.148668,-0.0992714,-0.0496835,-9.44165e-17,0.0496835,0.0992714,0.148668,0.197777,0.246501,0.294742,0.342399,0.389372,0.435555,0.480844,0.525129,0.568298,0.610235,0.650822,0.689934,0.727445,0.76322,0.797122,0.829006,0.858724,0.886118,0.911025,0.933277,0.952695,0.969097,0.982291,0.992079,0.998258,1.00062,0.99895,0.993035,0.98266,0.967615,0.947697,0.922718,0.892509,0.856928,0.815873,0.769289,0.71718,0.659623,0.596778,0.528904,0.456358,0.379612,0.299244,0.215933,0.130449,0.0436329,0.0868625
-0.0442025,-0.132135,-0.218665,-0.302915,-0.384082,-0.461462,-0.534465,-0.602617,-0.665564,-0.72306,-0.774962,-0.821212,-0.861827,-0.896885,-0.926509,-0.95086,-0.970125,-0.984507,-0.994224,-0.999496,-1.00055,-0.997602,-0.990877,-0.980586,-0.966938,-0.950131,-0.930358,-0.907804,-0.882645,-0.855051,-0.825184,-0.793198,-0.759243,-0.723459,-0.685983,-0.646946,-0.606473,-0.564685,-0.521699,-0.477627,-0.43258,-0.386663,-0.33998,-0.292632,-0.244717,-0.196333,-0.147575,-0.098538,-0.0493154,-9.6849e-17,0.0493154,0.098538,0.147575,0.196333,0.244717,0.292632,0.33998,0.386663,0.43258,0.477627,0.521699,0.564685,0.606473,0.646946,0.685983,0.723459,0.759243,0.793198,0.825184,0.855051,0.882645,0.907804,0.930358,0.950131,0.966938,0.980586,0.990877,0.997602,1.00055,0.999496,0.994224,0.984507,0.970125,0.95086,0.926509,0.896885,0.861827,0.821212,0.774962,0.72306,0.665564,0.602617,0.534465,0.461462,0.384082,0.302915,0.218665,0.132135,0.0442025,0.0898911
-0.044787,-0.133863,-0.221465,-0.306671,-0.388645,-0.46666,-0.540114,-0.60853,-0.67156,-0.728974,-0.780644,-0.826537,-0.866692,-0.901208,-0.930232,-0.953943,-0.972545,-0.986261,-0.995317,-0.999948,-1.00039,-0.996861,-0.989599,-0.978815,-0.964722,-0.94752,-0.927403,-0.904556,-0.879156,-0.851372,-0.821364,-0.789285,-0.755282,-0.719496,-0.682059,-0.643101,-0.602745,-0.561108,-0.518306,-0.474448,-0.429642,-0.38399,-0.337593,-0.29055,-0.242958,-0.194909,-0.146498,-0.0978153,-0.0489526,-9.92167e-17,0.0489526,0.0978153,0.146498,0.194909,0.242958,0.29055,0.337593,0.38399,0.429642,0.474448,0.518306,0.561108,0.602745,0.643101,0.682059,0.719496,0.755282,0.789285,0.821364,0.851372,0.879156,0.904556,0.927403,0.94752,0.964722,0.978815,0.989599,0.996861,1.00039,0.999948,0.995317,0.986261,0.972545,0.953943,0.930232,0.901208,0.866692,0.826537,0.780644,0.728974,0.67156,0.60853,0.540114,0.46666,0.388645,0.306671,0.221465,0.133863,0.044787,0.0929201
-0.045387,-0.135637,-0.224334,-0.310514,-0.393304,-0.471955,-0.545851,-0.614516,-0.67761,-0.734918,-0.786334,-0.831847,-0.871519,-0.905475,-0.933882,-0.956942,-0.974876,-0.987919,-0.996315,-1.00031,-1.00014,-0.996039,-0.988246,-0.976978,-0.96245,-0.944863,-0.924413,-0.901284,-0.875653,-0.847687,-0.817546,-0.785382,-0.751339,-0.715556,-0.678164,-0.639288,-0.599051,-0.557568,-0.51495,-0.471306,-0.426739,-0.38135,-0.335238,-0.288497,-0.241223,-0.193505,-0.145436,-0.0971029,-0.0485951,-1.01536e-16,0.0485951,0.0971029,0.145436,0.193505,0.241223,0.288497,0.335238,0.38135,0.426739,0.471306,0.51495,0.557568,0.599051,0.639288,0.678164,0.715556,0.751339,0.785382,0.817546,0.847687,0.875653,0.901284,0.924413,0.944863,0.96245,0.976978,0.988246,0.996039,1.00014,1.00031,0.996315,0.987919,0.974876,0.956942,0.933882,0.905475,0.871519,0.831847,0.786334,0.734918,0.67761,0.614516,0.545851,0.471955,0.393304,0.310514,0.224334,0.135637,0.045387,0.0959494
-0.0460031,-0.137457,-0.227275,-0.314446,-0.398062,-0.477348,-0.551677,-0.620576,-0.683713,-0.740891,-0.792028,-0.837136,-0.876305,-0.909682,-0.937459,-0.959856,-0.977113,-0.989482,-0.997217,-1.00057,-0.999796,-0.995134,-0.98682,-0.975078,-0.960124,-0.942163,-0.92139,-0.897989,-0.872136,-0.843998,-0.813733,-0.781491,-0.747415,-0.71164,-0.674296,-0.635508,-0.595392,-0.554064,-0.511631,-0.4682,-0.423871,-0.378744,-0.332913,-0.286472,-0.239511,-0.192121,-0.144389,-0.0964008,-0.0482428,-1.03812e-16,0.0482428,0.0964008,0.144389,0.192121,0.239511,0.286472,0.332913,0.378744,0.423871,0.4682,0.511631,0.554064,0.595392,0.635508,0.674296,0.71164,0.747415,0.781491,0.813733,0.843998,0.872136,0.897989,0.92139,0.942163,0.960124,0.975078,0.98682,0.995134,0.999796,1.00057,0.997217,0.989482,0.977113,0.959856,0.937459,0.909682,0.876305,0.837136,0.792028,0.740891,0.683713,0.620576,0.551677,0.477348,0.398062,0.314446,0.227275,0.137457,0.0460031,0.0989782
-0.0466357,-0.139324,-0.23029,-0.31847,-0.402919,-0.482838,-0.557591,-0.626705,-0.689862,-0.746887,-0.797719,-0.8424,-0.881044,-0.913825,-0.940957,-0.962682,-0.979257,-0.990948,-0.998022,-1.00074,-0.999371,-0.994151,-0.985323,-0.973117,-0.957748,-0.939423,-0.918336,-0.894673,-0.868609,-0.840307,-0.809926,-0.777614,-0.74351,-0.707749,-0.670459,-0.63176,-0.591769,-0.550597,-0.50835,-0.465131,-0.421039,-0.376171,-0.330619,-0.284474,-0.237824,-0.190757,-0.143357,-0.0957089,-0.0478956,-1.06034e-16,0.0478956,0.0957089,0.143357,0.190757,0.237824,0.284474,0.330619,0.376171,0.421039,0.465131,0.50835,0.550597,0.591769,0.63176,0.670459,0.707749,0.74351,0.777614,0.809926,0.840307,0.868609,0.894673,0.918336,0.939423,0.957748,0.973117,0.985323,0.994151,0.999371,1.00074,0.998022,0.990948,0.979257,0.962682,0.940957,0.913825,0.881044,0.8424,0.797719,0.746887,0.689862,0.626705,0.557591,0.482838,0.402919,0.31847,0.23029,0.139324,0.0466357,0.102006
-0.0472855,-0.141241,-0.23338,-0.322587,-0.407877,-0.488427,-0.563592,-0.632903,-0.696059,-0.752904,-0.803406,-0.847635,-0.885733,-0.9179,-0.944374,-0.965417,-0.981305,-0.992317,-0.998732,-1.00082,-0.998859,-0.993089,-0.983758,-0.971096,-0.955322,-0.936644,-0.915255,-0.89134,-0.865072,-0.836616,-0.806127,-0.773751,-0.739626,-0.703884,-0.666651,-0.628045,-0.588181,-0.547166,-0.505105,-0.462098,-0.418242,-0.373631,-0.328355,-0.282503,-0.23616,-0.189412,-0.14234,-0.0950269,-0.0475535,-1.08184e-16,0.0475535,0.0950269,0.14234,0.189412,0.23616,0.282503,0.328355,0.373631,0.418242,0.462098,0.505105,0.547166,0.588181,0.628045,0.666651,0.703884,0.739626,0.773751,0.806127,0.836616,0.865072,0.89134,0.915255,0.936644,0.955322,0.971096,0.983758,0.993089,0.998859,1.00082,0.998732,0.992317,0.981305,0.965417,0.944374,0.9179,0.885733,0.847635,0.803406,0.752904,0.696059,0.632903,0.563592,0.488427,0.407877,0.322587,0.23338,0.141241,0.0472855,0.105034
-0.0479533,-0.14321,-0.23655,-0.326802,-0.41294,-0.494118,-0.569682,-0.639171,-0.702299,-0.758938,-0.809085,-0.852838,-0.890369,-0.921905,-0.947709,-0.968062,-0.983257,-0.993588,-0.999346,-1.00081,-0.998262,-0.99195,-0.982124,-0.969017,-0.952849,-0.933827,-0.912146,-0.887988,-0.861527,-0.832925,-0.802335,-0.769902,-0.735762,-0.700045,-0.662873,-0.624363,-0.584627,-0.54377,-0.501896,-0.459101,-0.41548,-0.371124,-0.326122,-0.280559,-0.234519,-0.188085,-0.141337,-0.0943546,-0.0472162,-1.10259e-16,0.0472162,0.0943546,0.141337,0.188085,0.234519,0.280559,0.326122,0.371124,0.41548,0.459101,0.501896,0.54377,0.584627,0.624363,0.662873,0.700045,0.735762,0.769902,0.802335,0.832925,0.861527,0.887988,0.912146,0.933827,0.952849,0.969017,0.982124,0.99195,0.998262,1.00081,0.999346,0.993588,0.983257,0.968062,0.947709,0.921905,0.890369,0.852838,0.809085,0.758938,0.702299,0.639171,0.569682,0.494118,0.41294,0.326802,0.23655,0.14321,0.0479533,0.108062
-0.0486399,-0.145233,-0.239802,-0.331117,-0.418111,-0.499912,-0.575861,-0.645506,-0.708583,-0.764989,-0.814753,-0.858006,-0.894949,-0.925838,-0.950958,-0.970613,-0.985111,-0.994762,-0.999865,-1.00071,-0.997582,-0.990736,-0.980425,-0.966882,-0.95033,-0.930975,-0.909011,-0.884621,-0.857975,-0.829235,-0.798552,-0.766069,-0.731919,-0.696231,-0.659124,-0.620713,-0.581107,-0.54041,-0.498722,-0.456138,-0.41275,-0.368648,-0.323917,-0.27864,-0.2329,-0.186777,-0.140348,-0.0936917,-0.0468836,-1.12279e-16,0.0468836,0.0936917,0.140348,0.186777,0.2329,0.27864,0.323917,0.368648,0.41275,0.456138,0.498722,0.54041,0.581107,0.620713,0.659124,0.696231,0.731919,0.766069,0.798552,0.829235,0.857975,0.884621,0.909011,0.930975,0.95033,0.966882,0.980425,0.990736,0.997582,1.00071,0.999865,0.994762,0.985111,0.970613,0.950958,0.925838,0.894949,0.858006,0.814753,0.764989,0.708583,0.645506,0.575861,0.499912,0.418111,0.331117,0.239802,0.145233,0.0486399,0.11109
-0.0493461,-0.147312,-0.243139,-0.335537,-0.423392,-0.505811,-0.58213,-0.651909,-0.714907,-0.771052,-0.820407,-0.863134,-0.89947,-0.929695,-0.95412,-0.973069,-0.986868,-0.995837,-1.00029,-1.00052,-0.996819,-0.989448,-0.978661,-0.964693,-0.947767,-0.928089,-0.905852,-0.881238,-0.854417,-0.825547,-0.794778,-0.762251,-0.728097,-0.692442,-0.655403,-0.617094,-0.57762,-0.537084,-0.495582,-0.453209,-0.410053,-0.366202,-0.32174,-0.276747,-0.231303,-0.185486,-0.139373,-0.0930379,-0.0465557,-1.14235e-16,0.0465557,0.0930379,0.139373,0.185486,0.231303,0.276747,0.32174,0.366202,0.410053,0.453209,0.495582,0.537084,0.57762,0.617094,0.655403,0.692442,0.728097,0.762251,0.794778,0.825547,0.854417,0.881238,0.905852,0.928089,0.947767,0.964693,0.978661,0.989448,0.996819,1.00052,1.00029,0.995837,0.986868,0.973069,0.95412,0.929695,0.89947,0.863134,0.820407,0.771052,0.714907,0.651909,0.58213,0.505811,0.423392,0.335537,0.243139,0.147312,0.0493461,0.114119
-0.0500728,-0.149449,-0.246566,-0.340064,-0.428787,-0.511818,-0.58849,-0.658378,-0.721269,-0.777124,-0.826042,-0.868221,-0.903928,-0.933474,-0.957193,-0.97543,-0.988526,-0.996815,-1.00062,-1.00024,-0.995975,-0.988088,-0.976834,-0.962451,-0.945161,-0.92517,-0.90267,-0.877842,-0.850854,-0.821862,-0.791014,-0.758449,-0.724296,-0.688678,-0.651712,-0.613506,-0.574166,-0.533792,-0.492477,-0.450313,-0.407388,-0.363787,-0.31959,-0.274877,-0.229727,-0.184213,-0.138411,-0.0923931,-0.0462323,-1.16136e-16,0.0462323,0.0923931,0.138411,0.184213,0.229727,0.274877,0.31959,0.363787,0.407388,0.450313,0.492477,0.533792,0.574166,0.613506,0.651712,0.688678,0.724296,0.758449,0.791014,0.821862,0.850854,0.877842,0.90267,0.92517,0.945161,0.962451,0.976834,0.988088,0.995975,1.00024,1.00062,0.996815,0.988526,0.97543,0.957193,0.933474,0.903928,0.868221,0.826042,0.777124,0.721269,0.658378,0.58849,0.511818,0.428787,0.340064,0.246566,0.149449,0.0500728,0.117147
-0.0508207,-0.151648,-0.250083,-0.344701,-0.434296,-0.51793,-0.594937,-0.664909,-0.727664,-0.7832,-0.831653,-0.873259,-0.908319,-0.937171,-0.960174,-0.977693,-0.990084,-0.997695,-1.00085,-0.999876,-0.995052,-0.986657,-0.974947,-0.960159,-0.942515,-0.922221,-0.899468,-0.874435,-0.847287,-0.818181,-0.787261,-0.754664,-0.720517,-0.684941,-0.64805,-0.609951,-0.570746,-0.530534,-0.489406,-0.447451,-0.404756,-0.361401,-0.317468,-0.273033,-0.228171,-0.182957,-0.137462,-0.0917572,-0.0459133,-1.18e-16,0.0459133,0.0917572,0.137462,0.182957,0.228171,0.273033,0.317468,0.361401,0.404756,0.447451,0.489406,0.530534,0.570746,0.609951,0.64805,0.684941,0.720517,0.754664,0.787261,0.818181,0.847287,0.874435,0.899468,0.922221,0.942515,0.960159,0.974947,0.986657,0.995052,0.999876,1.00085,0.997695,0.990084,0.977693,0.960174,0.937171,0.908319,0.873259,0.831653,0.7832,0.727664,0.664909,0.594937,0.51793,0.434296,0.344701,0.250083,0.151648,0.0508207,0.120175
-0.0515906,-0.153908,-0.253695,-0.34945,-0.439922,-0.524149,-0.60147,-0.6715,-0.734089,-0.789275,-0.837236,-0.878246,-0.912638,-0.940782,-0.963061,-0.979856,-0.991543,-0.998477,-1.001,-0.999423,-0.994051,-0.985158,-0.973001,-0.957818,-0.939831,-0.919244,-0.896247,-0.871017,-0.843719,-0.814506,-0.78352,-0.750897,-0.716761,-0.681231,-0.644418,-0.606428,-0.56736,-0.52731,-0.486369,-0.444622,-0.402155,-0.359046,-0.315373,-0.271212,-0.226637,-0.181718,-0.136526,-0.0911301,-0.0455988,-1.19804e-16,0.0455988,0.0911301,0.136526,0.181718,0.226637,0.271212,0.315373,0.359046,0.402155,0.444622,0.486369,0.52731,0.56736,0.606428,0.644418,0.681231,0.716761,0.750897,0.78352,0.814506,0.843719,0.871017,0.896247,0.919244,0.939831,0.957818,0.973001,0.985158,0.994051,0.999423,1.001,0.998477,0.991543,0.979856,0.963061,0.940782,0.912638,0.878246,0.837236,0.789275,0.734089,0.6715,0.60147,0.524149,0.439922,0.34945,0.253695,0.153908,0.0515906,0.123203
-0.0523836,-0.156235,-0.257405,-0.354316,-0.445666,-0.530476,-0.608089,-0.678148,-0.74054,-0.795346,-0.842787,-0.883176,-0.916883,-0.944305,-0.965851,-0.98192,-0.9929,-0.999161,-1.00105,-0.998885,-0.992974,-0.983592,-0.970998,-0.955431,-0.93711,-0.91624,-0.893009,-0.867592,-0.840151,-0.810838,-0.779793,-0.747149,-0.713028,-0.677548,-0.640816,-0.602936,-0.564007,-0.52412,-0.483365,-0.441826,-0.399585,-0.356719,-0.313305,-0.269416,-0.225123,-0.180496,-0.135603,-0.0905116,-0.0452887,-1.21553e-16,0.0452887,0.0905116,0.135603,0.180496,0.225123,0.269416,0.313305,0.356719,0.399585,0.441826,0.483365,0.52412,0.564007,0.602936,0.640816,0.677548,0.713028,0.747149,0.779793,0.810838,0.840151,0.867592,0.893009,0.91624,0.93711,0.955431,0.970998,0.983592,0.992974,0.998885,1.00105,0.999161,0.9929,0.98192,0.965851,0.944305,0.916883,0.883176,0.842787,0.795346,0.74054,0.678148,0.608089,0.530476,0.445666,0.354316,0.257405,0.156235,0.0523836,0.12623
-0.0532007,-0.15863,-0.261216,-0.359301,-0.451532,-0.536912,-0.614794,-0.684851,-0.747013,-0.801408,-0.848301,-0.888046,-0.92105,-0.947739,-0.968543,-0.983882,-0.994157,-0.999748,-1.00101,-0.998264,-0.991821,-0.981961,-0.968941,-0.952999,-0.934355,-0.913211,-0.889754,-0.864158,-0.836582,-0.807176,-0.776079,-0.743419,-0.709319,-0.673891,-0.637243,-0.599477,-0.560686,-0.520964,-0.480395,-0.439062,-0.397046,-0.354421,-0.311263,-0.267642,-0.223628,-0.179289,-0.134692,-0.0899014,-0.0449827,-1.23264e-16,0.0449827,0.0899014,0.134692,0.179289,0.223628,0.267642,0.311263,0.354421,0.397046,0.439062,0.480395,0.520964,0.560686,0.599477,0.637243,0.673891,0.709319,0.743419,0.776079,0.807176,0.836582,0.864158,0.889754,0.913211,0.934355,0.952999,0.968941,0.981961,0.991821,0.998264,1.00101,0.999748,0.994157,0.983882,0.968543,0.947739,0.92105,0.888046,0.848301,0.801408,0.747013,0.684851,0.614794,0.536912,0.451532,0.359301,0.261216,0.15863,0.0532007,0.129257
-0.054043,-0.161096,-0.265134,-0.364411,-0.457523,-0.543458,-0.621584,-0.691608,-0.753507,-0.807458,-0.853775,-0.892854,-0.925137,-0.95108,-0.971136,-0.985743,-0.995314,-1.00024,-1.00088,-0.99756,-0.990596,-0.980266,-0.96683,-0.950523,-0.931566,-0.910158,-0.886485,-0.860718,-0.833015,-0.803523,-0.772378,-0.739709,-0.705632,-0.670261,-0.6337,-0.596048,-0.557398,-0.517839,-0.477456,-0.436329,-0.394536,-0.352151,-0.309246,-0.265891,-0.222153,-0.178099,-0.133793,-0.0892994,-0.0446808,-1.24932e-16,0.0446808,0.0892994,0.133793,0.178099,0.222153,0.265891,0.309246,0.352151,0.394536,0.436329,0.477456,0.517839,0.557398,0.596048,0.6337,0.670261,0.705632,0.739709,0.772378,0.803523,0.833015,0.860718,0.886485,0.910158,0.931566,0.950523,0.96683,0.980266,0.990596,0.99756,1.00088,1.00024,0.995314,0.985743,0.971136,0.95108,0.925137,0.892854,0.853775,0.807458,0.753507,0.691608,0.621584,0.543458,0.457523,0.364411,0.265134,0.161096,0.054043,0.132285
-0.054912,-0.163637,-0.269162,-0.369649,-0.463642,-0.550116,-0.628458,-0.698415,-0.760017,-0.813492,-0.859204,-0.897595,-0.92914,-0.954327,-0.973629,-0.987501,-0.99637,-1.00063,-1.00066,-0.996775,-0.989299,-0.97851,-0.964667,-0.948006,-0.928745,-0.907083,-0.883202,-0.857272,-0.829449,-0.799878,-0.768692,-0.736017,-0.701969,-0.666658,-0.630186,-0.59265,-0.554141,-0.514747,-0.474549,-0.433627,-0.392056,-0.349908,-0.307254,-0.264162,-0.220697,-0.176924,-0.132906,-0.0887053,-0.0443829,-1.26535e-16,0.0443829,0.0887053,0.132906,0.176924,0.220697,0.264162,0.307254,0.349908,0.392056,0.433627,0.474549,0.514747,0.554141,0.59265,0.630186,0.666658,0.701969,0.736017,0.768692,0.799878,0.829449,0.857272,0.883202,0.907083,0.928745,0.948006,0.964667,0.97851,0.989299,0.996775,1.00066,1.00063,0.99637,0.987501,0.973629,0.954327,0.92914,0.897595,0.859204,0.813492,0.760017,0.698415,0.628458,0.550116,0.463642,0.369649,0.269162,0.163637,0.054912,0.135313
-0.0558088,-0.166257,-0.273305,-0.375019,-0.469891,-0.556886,-0.635414,-0.705271,-0.766539,-0.819505,-0.864586,-0.902266,-0.933058,-0.957477,-0.97602,-0.989157,-0.997327,-1.00093,-1.00035,-0.99591,-0.987931,-0.976693,-0.962454,-0.945449,-0.925894,-0.903986,-0.879906,-0.853821,-0.825886,-0.796241,-0.76502,-0.732344,-0.698328,-0.66308,-0.626699,-0.589281,-0.550915,-0.511686,-0.471673,-0.430955,-0.389604,-0.347692,-0.305287,-0.262454,-0.219259,-0.175764,-0.13203,-0.0881188,-0.0440889,-1.28106e-16,0.0440889,0.0881188,0.13203,0.175764,0.219259,0.262454,0.305287,0.347692,0.389604,0.430955,0.471673,0.511686,0.550915,0.589281,0.626699,0.66308,0.698328,0.732344,0.76502,0.796241,0.825886,0.853821,0.879906,0.903986,0.925894,0.945449,0.962454,0.976693,0.987931,0.99591,1.00035,1.00093,0.997327,0.989157,0.97602,0.957477,0.933058,0.902266,0.864586,0.819505,0.766539,0.705271,0.635414,0.556886,0.469891,0.375019,0.273305,0.166257,0.0558088,0.13834
-0.0567342,-0.168957,-0.277565,-0.380523,-0.476271,-0.563765,-0.642448,-0.712167,-0.773065,-0.825491,-0.869912,-0.90686,-0.936885,-0.960528,-0.978308,-0.990709,-0.998182,-1.00114,-0.999953,-0.994968,-0.986496,-0.974819,-0.960193,-0.942854,-0.923015,-0.90087,-0.8766,-0.850369,-0.822327,-0.792616,-0.761364,-0.728692,-0.694712,-0.65953,-0.623243,-0.585945,-0.547721,-0.508657,-0.468829,-0.428313,-0.387181,-0.345503,-0.303343,-0.260768,-0.21784,-0.174619,-0.131166,-0.0875403,-0.0437989,-1.2962e-16,0.0437989,0.0875403,0.131166,0.174619,0.21784,0.260768,0.303343,0.345503,0.387181,0.428313,0.468829,0.508657,0.547721,0.585945,0.623243,0.65953,0.694712,0.728692,0.761364,0.792616,0.822327,0.850369,0.8766,0.90087,0.923015,0.942854,0.960193,0.974819,0.986496,0.994968,0.999953,1.00114,0.998182,0.990709,0.978308,0.960528,0.936885,0.90686,0.869912,0.825491,0.773065,0.712167,0.642448,0.563765,0.476271,0.380523,0.277565,0.168957,0.0567342,0.141367
-0.0576899,-0.171742,-0.281947,-0.386165,-0.482782,-0.570753,-0.649558,-0.719101,-0.779592,-0.831443,-0.875178,-0.911375,-0.940618,-0.963477,-0.98049,-0.992158,-0.998938,-1.00125,-0.999473,-0.99395,-0.984995,-0.972889,-0.957887,-0.940224,-0.920109,-0.897738,-0.873285,-0.846914,-0.818774,-0.789002,-0.757725,-0.725061,-0.691121,-0.656008,-0.619817,-0.582639,-0.544559,-0.505659,-0.466016,-0.425702,-0.384787,-0.34334,-0.301424,-0.259104,-0.216439,-0.173489,-0.130314,-0.0869693,-0.0435126,-1.31098e-16,0.0435126,0.0869693,0.130314,0.173489,0.216439,0.259104,0.301424,0.34334,0.384787,0.425702,0.466016,0.505659,0.544559,0.582639,0.619817,0.656008,0.691121,0.725061,0.757725,0.789002,0.818774,0.846914,0.873285,0.897738,0.920109,0.940224,0.957887,0.972889,0.984995,0.99395,0.999473,1.00125,0.998938,0.992158,0.98049,0.963477,0.940618,0.911375,0.875178,0.831443,0.779592,0.719101,0.649558,0.570753,0.482782,0.386165,0.281947,0.171742,0.0576899,0.144394
-0.0586771,-0.174615,-0.286457,-0.39195,-0.489428,-0.57785,-0.656741,-0.726068,-0.786115,-0.837358,-0.880381,-0.915806,-0.944255,-0.966323,-0.982568,-0.993503,-0.999595,-1.00127,-0.998909,-0.992858,-0.983429,-0.970904,-0.955537,-0.937559,-0.917179,-0.894589,-0.869963,-0.84346,-0.815227,-0.7854,-0.754103,-0.721452,-0.687555,-0.652513,-0.616419,-0.579364,-0.541429,-0.502693,-0.463233,-0.42312,-0.382421,-0.341203,-0.299529,-0.25746,-0.215056,-0.172374,-0.129472,-0.0864058,-0.0432302,-1.32544e-16,0.0432302,0.0864058,0.129472,0.172374,0.215056,0.25746,0.299529,0.341203,0.382421,0.42312,0.463233,0.502693,0.541429,0.579364,0.616419,0.652513,0.687555,0.721452,0.754103,0.7854,0.815227,0.84346,0.869963,0.894589,0.917179,0.937559,0.955537,0.970904,0.983429,0.992858,0.998909,1.00127,0.999595,0.993503,0.982568,0.966323,0.944255,0.915806,0.880381,0.837358,0.786115,0.726068,0.656741,0.57785,0.489428,0.39195,0.286457,0.174615,0.0586771,0.147421
-0.0596977,-0.17758,-0.291098,-0.397881,-0.49621,-0.585056,-0.663994,-0.733065,-0.792629,-0.843232,-0.885517,-0.920152,-0.947793,-0.969064,-0.984539,-0.994744,-1.00015,-1.0012,-0.998262,-0.991693,-0.981801,-0.968867,-0.953144,-0.934862,-0.914226,-0.891426,-0.866633,-0.840005,-0.811687,-0.78181,-0.750498,-0.717863,-0.684013,-0.649045,-0.613051,-0.576118,-0.538328,-0.499758,-0.460481,-0.420567,-0.380082,-0.339092,-0.297656,-0.255836,-0.21369,-0.171273,-0.128641,-0.0858496,-0.0429514,-1.33941e-16,0.0429514,0.0858496,0.128641,0.171273,0.21369,0.255836,0.297656,0.339092,0.380082,0.420567,0.460481,0.499758,0.538328,0.576118,0.613051,0.649045,0.684013,0.717863,0.750498,0.78181,0.811687,0.840005,0.866633,0.891426,0.914226,0.934862,0.953144,0.968867,0.981801,0.991693,0.998262,1.0012,1.00015,0.994744,0.984539,0.969064,0.947793,0.920152,0.885517,0.843232,0.792629,0.733065,0.663994,0.585056,0.49621,0.397881,0.291098,0.17758,0.0596977,0.150447
-0.0607533,-0.180642,-0.295878,-0.403963,-0.503132,-0.592371,-0.671316,-0.740088,-0.799129,-0.84906,-0.890581,-0.924408,-0.951232,-0.9717,-0.986404,-0.995881,-1.00061,-1.00104,-0.997535,-0.990456,-0.980111,-0.966779,-0.950711,-0.932133,-0.91125,-0.888248,-0.863297,-0.836552,-0.808153,-0.778233,-0.74691,-0.714296,-0.680495,-0.645603,-0.609711,-0.572902,-0.535258,-0.496852,-0.457758,-0.418042,-0.37777,-0.337005,-0.295806,-0.254233,-0.212341,-0.170185,-0.127821,-0.0853004,-0.0426761,-1.35289e-16,0.0426761,0.0853004,0.127821,0.170185,0.212341,0.254233,0.295806,0.337005,0.37777,0.418042,0.457758,0.496852,0.535258,0.572902,0.609711,0.645603,0.680495,0.714296,0.74691,0.778233,0.808153,0.836552,0.863297,0.888248,0.91125,0.932133,0.950711,0.966779,0.980111,0.990456,0.997535,1.00104,1.00061,0.995881,0.986404,0.9717,0.951232,0.924408,0.890581,0.84906,0.799129,0.740088,0.671316,0.592371,0.503132,0.403963,0.295878,0.180642,0.0607533,0.153474
-0.0618458,-0.183807,-0.300801,-0.410202,-0.510196,-0.599794,-0.678703,-0.747133,-0.805612,-0.854836,-0.895569,-0.928571,-0.954568,-0.974229,-0.988163,-0.996916,-1.00098,-1.00079,-0.996728,-0.98915,-0.978362,-0.964642,-0.948238,-0.929374,-0.908253,-0.885058,-0.859956,-0.833099,-0.804627,-0.774668,-0.743339,-0.710749,-0.677001,-0.642188,-0.606399,-0.569715,-0.532217,-0.493976,-0.455063,-0.415544,-0.375484,-0.334942,-0.293978,-0.252648,-0.211008,-0.169111,-0.127011,-0.0847581,-0.0424043,-1.36581e-16,0.0424043,0.0847581,0.127011,0.169111,0.211008,0.252648,0.293978,0.334942,0.375484,0.415544,0.455063,0.493976,0.532217,0.569715,0.606399,0.642188,0.677001,0.710749,0.743339,0.774668,0.804627,0.833099,0.859956,0.885058,0.908253,0.929374,0.948238,0.964642,0.978362,0.98915,0.996728,1.00079,1.00098,0.996916,0.988163,0.974229,0.954568,0.928571,0.895569,0.854836,0.805612,0.747133,0.678703,0.599794,0.510196,0.410202,0.300801,0.183807,0.0618458,0.156501
-0.0629771,-0.187077,-0.305873,-0.4166,-0.517401,-0.607323,-0.686151,-0.754193,-0.812069,-0.860556,-0.900477,-0.932639,-0.957799,-0.97665,-0.989814,-0.997849,-1.00125,-1.00045,-0.995844,-0.987777,-0.976556,-0.962457,-0.945727,-0.926587,-0.905236,-0.881856,-0.856611,-0.82965,-0.80111,-0.771117,-0.739786,-0.707224,-0.673531,-0.638799,-0.603114,-0.566558,-0.529205,-0.491129,-0.452397,-0.413074,-0.373223,-0.332903,-0.292171,-0.251083,-0.209692,-0.168051,-0.126211,-0.0842227,-0.0421359,-1.3784e-16,0.0421359,0.0842227,0.126211,0.168051,0.209692,0.251083,0.292171,0.332903,0.373223,0.413074,0.452397,0.491129,0.529205,0.566558,0.603114,0.638799,0.673531,0.707224,0.739786,0.771117,0.80111,0.82965,0.856611,0.881856,0.905236,0.926587,0.945727,0.962457,0.976556,0.987777,0.995844,1.00045,1.00125,0.997849,0.989814,0.97665,0.957799,0.932639,0.900477,0.860556,0.812069,0.754193,0.686151,0.607323,0.517401,0.4166,0.305873,0.187077,0.0629771,0.159528
-0.0641486,-0.190458,-0.311097,-0.423159,-0.524747,-0.614952,-0.693652,-0.76126,-0.818494,-0.866212,-0.905299,-0.936606,-0.960922,-0.978961,-0.991358,-0.998679,-1.00142,-1.00003,-0.994883,-0.986337,-0.974695,-0.960228,-0.943182,-0.923774,-0.902203,-0.878646,-0.853264,-0.826205,-0.797603,-0.767581,-0.736252,-0.703722,-0.670087,-0.635438,-0.599859,-0.56343,-0.526223,-0.488311,-0.44976,-0.410632,-0.370989,-0.330888,-0.290386,-0.249536,-0.208392,-0.167003,-0.125421,-0.083694,-0.041871,-1.39066e-16,0.041871,0.083694,0.125421,0.167003,0.208392,0.249536,0.290386,0.330888,0.370989,0.410632,0.44976,0.488311,0.526223,0.56343,0.599859,0.635438,0.670087,0.703722,0.736252,0.767581,0.797603,0.826205,0.853264,0.878646,0.902203,0.923774,0.943182,0.960228,0.974695,0.986337,0.994883,1.00003,1.00142,0.998679,0.991358,0.978961,0.960922,0.936606,0.905299,0.866212,0.818494,0.76126,0.693652,0.614952,0.524747,0.423159,0.311097,0.190458,0.0641486,0.162554
-0.0653626,-0.193954,-0.31648,-0.429883,-0.532235,-0.62268,-0.701202,-0.768329,-0.824882,-0.8718,-0.910031,-0.94047,-0.963936,-0.981161,-0.992795,-0.999407,-1.0015,-0.999519,-0.993849,-0.984834,-0.97278,-0.957955,-0.940602,-0.920937,-0.899153,-0.875427,-0.849916,-0.822765,-0.794106,-0.76406,-0.732738,-0.700243,-0.666669,-0.632105,-0.596633,-0.560331,-0.523271,-0.485523,-0.447151,-0.408217,-0.36878,-0.328897,-0.288623,-0.248009,-0.207108,-0.165969,-0.124641,-0.0831721,-0.0416094,-1.40244e-16,0.0416094,0.0831721,0.124641,0.165969,0.207108,0.248009,0.288623,0.328897,0.36878,0.408217,0.447151,0.485523,0.523271,0.560331,0.596633,0.632105,0.666669,0.700243,0.732738,0.76406,0.794106,0.822765,0.849916,0.875427,0.899153,0.920937,0.940602,0.957955,0.97278,0.984834,0.993849,0.999519,1.0015,0.999407,0.992795,0.981161,0.963936,0.94047,0.910031,0.8718,0.824882,0.768329,0.701202,0.62268,0.532235,0.429883,0.31648,0.193954,0.0653626,0.16558
-0.0666214,-0.197573,-0.322029,-0.436778,-0.539865,-0.630505,-0.708798,-0.775395,-0.831226,-0.877315,-0.91467,-0.944229,-0.966839,-0.983251,-0.994124,-1.00004,-1.00149,-0.998929,-0.992742,-0.983269,-0.970813,-0.955641,-0.937991,-0.918077,-0.896089,-0.8722,-0.846567,-0.819331,-0.790621,-0.760555,-0.729243,-0.696786,-0.663275,-0.628798,-0.593434,-0.557261,-0.520348,-0.482763,-0.44457,-0.405828,-0.366596,-0.326929,-0.28688,-0.2465,-0.20584,-0.164947,-0.123871,-0.0826566,-0.0413511,-1.41372e-16,0.0413511,0.0826566,0.123871,0.164947,0.20584,0.2465,0.28688,0.326929,0.366596,0.405828,0.44457,0.482763,0.520348,0.557261,0.593434,0.628798,0.663275,0.696786,0.729243,0.760555,0.790621,0.819331,0.846567,0.8722,0.896089,0.918077,0.937991,0.955641,0.970813,0.983269,0.992742,0.998929,1.00149,1.00004,0.994124,0.983251,0.966839,0.944229,0.91467,0.877315,0.831226,0.775395,0.708798,0.630505,0.539865,0.436778,0.322029,0.197573,0.0666214,0.168606
-0.0679277,-0.201319,-0.32775,-0.443848,-0.547639,-0.638424,-0.716434,-0.782452,-0.837522,-0.882752,-0.919212,-0.94788,-0.969631,-0.98523,-0.995347,-1.00056,-1.00139,-0.998258,-0.991564,-0.981644,-0.968796,-0.953286,-0.935349,-0.915194,-0.893011,-0.868968,-0.843219,-0.815902,-0.787146,-0.757066,-0.725768,-0.693351,-0.659906,-0.625517,-0.590263,-0.554219,-0.517453,-0.480032,-0.442016,-0.403466,-0.364437,-0.324983,-0.285157,-0.245009,-0.204587,-0.163938,-0.12311,-0.0821475,-0.041096,-1.42463e-16,0.041096,0.0821475,0.12311,0.163938,0.204587,0.245009,0.285157,0.324983,0.364437,0.403466,0.442016,0.480032,0.517453,0.554219,0.590263,0.625517,0.659906,0.693351,0.725768,0.757066,0.787146,0.815902,0.843219,0.868968,0.893011,0.915194,0.935349,0.953286,0.968796,0.981644,0.991564,0.998258,1.00139,1.00056,0.995347,0.98523,0.969631,0.94788,0.919212,0.882752,0.837522,0.782452,0.716434,0.638424,0.547639,0.443848,0.32775,0.201319,0.0679277,0.171632
-0.069284,-0.205199,-0.33365,-0.451096,-0.555556,-0.646434,-0.724104,-0.789494,-0.843763,-0.888107,-0.923654,-0.951422,-0.972309,-0.987097,-0.996464,-1.00099,-1.00119,-0.997508,-0.990317,-0.97996,-0.966731,-0.950893,-0.932677,-0.912291,-0.88992,-0.865729,-0.839871,-0.812481,-0.783683,-0.753592,-0.722312,-0.689938,-0.656561,-0.622262,-0.58712,-0.551205,-0.514586,-0.477327,-0.439489,-0.401129,-0.362301,-0.32306,-0.283455,-0.243535,-0.203348,-0.162941,-0.122358,-0.0816446,-0.040844,-1.4351e-16,0.040844,0.0816446,0.122358,0.162941,0.203348,0.243535,0.283455,0.32306,0.362301,0.401129,0.439489,0.477327,0.514586,0.551205,0.58712,0.622262,0.656561,0.689938,0.722312,0.753592,0.783683,0.812481,0.839871,0.865729,0.88992,0.912291,0.932677,0.950893,0.966731,0.97996,0.990317,0.997508,1.00119,1.00099,0.996464,0.987097,0.972309,0.951422,0.923654,0.888107,0.843763,0.789494,0.724104,0.646434,0.555556,0.451096,0.33365,0.205199,0.069284,0.174659
-0.0706934,-0.209221,-0.339736,-0.458527,-0.563618,-0.654531,-0.731804,-0.796515,-0.849945,-0.893376,-0.927992,-0.954852,-0.974874,-0.988854,-0.997475,-1.00133,-1.00091,-0.996679,-0.989003,-0.978218,-0.964619,-0.948462,-0.929977,-0.909368,-0.886816,-0.862486,-0.836524,-0.809066,-0.780232,-0.750134,-0.718874,-0.686548,-0.65324,-0.619033,-0.584003,-0.548218,-0.511746,-0.47465,-0.436988,-0.398816,-0.360189,-0.321157,-0.281771,-0.242078,-0.202125,-0.161956,-0.121615,-0.0811476,-0.040595,-1.44517e-16,0.040595,0.0811476,0.121615,0.161956,0.202125,0.242078,0.281771,0.321157,0.360189,0.398816,0.436988,0.47465,0.511746,0.548218,0.584003,0.619033,0.65324,0.686548,0.718874,0.750134,0.780232,0.809066,0.836524,0.862486,0.886816,0.909368,0.929977,0.948462,0.964619,0.978218,0.989003,0.996679,1.00091,1.00133,0.997475,0.988854,0.974874,0.954852,0.927992,0.893376,0.849945,0.796515,0.731804,0.654531,0.563618,0.458527,0.339736,0.209221,0.0706934,0.177685
-0.0721583,-0.21339,-0.346014,-0.466143,-0.571819,-0.662707,-0.739523,-0.803506,-0.85606,-0.898551,-0.932223,-0.958167,-0.977323,-0.990498,-0.998381,-1.00156,-1.00055,-0.995775,-0.987623,-0.976422,-0.962462,-0.945997,-0.927252,-0.906428,-0.883703,-0.859239,-0.833181,-0.805659,-0.776793,-0.746693,-0.715458,-0.68318,-0.649945,-0.615831,-0.580913,-0.545259,-0.508934,-0.471999,-0.434513,-0.396529,-0.3581,-0.319277,-0.280108,-0.240639,-0.200915,-0.160982,-0.120882,-0.0806568,-0.040349,-1.45468e-16,0.040349,0.0806568,0.120882,0.160982,0.200915,0.240639,0.280108,0.319277,0.3581,0.396529,0.434513,0.471999,0.508934,0.545259,0.580913,0.615831,0.649945,0.68318,0.715458,0.746693,0.776793,0.805659,0.833181,0.859239,0.883703,0.906428,0.927252,0.945997,0.962462,0.976422,0.987623,0.995775,1.00055,1.00156,0.998381,0.990498,0.977323,0.958167,0.932223,0.898551,0.85606,0.803506,0.739523,0.662707,0.571819,0.466143,0.346014,0.21339,0.0721583,0.180711
-0.0736817,-0.217713,-0.35249,-0.473945,-0.580158,-0.670957,-0.747255,-0.81046,-0.8621,-0.903629,-0.936343,-0.961366,-0.979657,-0.992031,-0.999184,-1.0017,-1.0001,-0.994796,-0.98618,-0.974574,-0.960263,-0.943498,-0.924502,-0.903471,-0.880582,-0.855991,-0.829842,-0.802262,-0.773369,-0.74327,-0.712062,-0.679836,-0.646675,-0.612656,-0.577851,-0.542328,-0.50615,-0.469376,-0.432064,-0.394266,-0.356035,-0.317418,-0.278463,-0.239216,-0.199721,-0.16002,-0.120157,-0.0801719,-0.0401061,-1.46377e-16,0.0401061,0.0801719,0.120157,0.16002,0.199721,0.239216,0.278463,0.317418,0.356035,0.394266,0.432064,0.469376,0.50615,0.542328,0.577851,0.612656,0.646675,0.679836,0.712062,0.74327,0.773369,0.802262,0.829842,0.855991,0.880582,0.903471,0.924502,0.943498,0.960263,0.974574,0.98618,0.994796,1.0001,1.0017,0.999184,0.992031,0.979657,0.961366,0.936343,0.903629,0.8621,0.81046,0.747255,0.670957,0.580158,0.473945,0.35249,0.217713,0.0736817,0.183736
-0.0752672,-0.222198,-0.359171,-0.481936,-0.588632,-0.679276,-0.754992,-0.817368,-0.86806,-0.908604,-0.940349,-0.964446,-0.981873,-0.993453,-0.999883,-1.00175,-0.999562,-0.993746,-0.984676,-0.972674,-0.958022,-0.940968,-0.921729,-0.9005,-0.877453,-0.852742,-0.826507,-0.798875,-0.769959,-0.739864,-0.708687,-0.676515,-0.643429,-0.609506,-0.574816,-0.539424,-0.503393,-0.46678,-0.429641,-0.392029,-0.353992,-0.31558,-0.276838,-0.23781,-0.19854,-0.15907,-0.119441,-0.0796929,-0.0398661,-1.47237e-16,0.0398661,0.0796929,0.119441,0.15907,0.19854,0.23781,0.276838,0.31558,0.353992,0.392029,0.429641,0.46678,0.503393,0.539424,0.574816,0.609506,0.643429,0.676515,0.708687,0.739864,0.769959,0.798875,0.826507,0.852742,0.877453,0.9005,0.921729,0.940968,0.958022,0.972674,0.984676,0.993746,0.999562,1.00175,0.999883,0.993453,0.981873,0.964446,0.940349,0.908604,0.86806,0.817368,0.754992,0.679276,0.588632,0.481936,0.359171,0.222198,0.0752672,0.186761
-0.0769184,-0.226854,-0.366066,-0.490121,-0.59724,-0.687656,-0.762728,-0.824226,-0.873936,-0.913474,-0.944238,-0.967408,-0.983973,-0.994765,-1.00048,-1.00171,-0.998946,-0.992625,-0.983111,-0.970725,-0.955742,-0.938408,-0.918935,-0.897515,-0.874317,-0.849492,-0.823178,-0.795498,-0.766563,-0.736477,-0.705333,-0.673217,-0.640209,-0.606383,-0.571808,-0.536547,-0.500662,-0.46421,-0.427244,-0.389815,-0.351972,-0.313762,-0.275231,-0.23642,-0.197373,-0.158131,-0.118733,-0.0792196,-0.039629,-1.48065e-16,0.039629,0.0792196,0.118733,0.158131,0.197373,0.23642,0.275231,0.313762,0.351972,0.389815,0.427244,0.46421,0.500662,0.536547,0.571808,0.606383,0.640209,0.673217,0.705333,0.736477,0.766563,0.795498,0.823178,0.849492,0.874317,0.897515,0.918935,0.938408,0.955742,0.970725,0.983111,0.992625,0.998946,1.00171,1.00048,0.994765,0.983973,0.967408,0.944238,0.913474,0.873936,0.824226,0.762728,0.687656,0.59724,0.490121,0.366066,0.226854,0.0769184,0.189786
-0.0786394,-0.23169,-0.373182,-0.498501,-0.605978,-0.696093,-0.770454,-0.831026,-0.879721,-0.918235,-0.948009,-0.970249,-0.985957,-0.995967,-1.00098,-1.00157,-0.99825,-0.991435,-0.981489,-0.968728,-0.953424,-0.935818,-0.91612,-0.894517,-0.871175,-0.846243,-0.819854,-0.792131,-0.763181,-0.733107,-0.701999,-0.669941,-0.637013,-0.603285,-0.568825,-0.533697,-0.497958,-0.461665,-0.424871,-0.387624,-0.349974,-0.311965,-0.273642,-0.235046,-0.19622,-0.157203,-0.118034,-0.0787519,-0.0393947,-1.48845e-16,0.0393947,0.0787519,0.118034,0.157203,0.19622,0.235046,0.273642,0.311965,0.349974,0.387624,0.424871,0.461665,0.497958,0.533697,0.568825,0.603285,0.637013,0.669941,0.701999,0.733107,0.763181,0.792131,0.819854,0.846243,0.871175,0.894517,0.91612,0.935818,0.953424,0.968728,0.981489,0.991435,0.99825,1.00157,1.00098,0.995967,0.985957,0.970249,0.948009,0.918235,0.879721,0.831026,0.770454,0.696093,0.605978,0.498501,0.373182,0.23169,0.0786394,0.192812
-0.0804347,-0.236716,-0.380528,-0.50708,-0.614843,-0.704579,-0.778164,-0.837762,-0.88541,-0.922882,-0.95166,-0.97297,-0.987825,-0.99706,-1.00137,-1.00135,-0.997477,-0.990178,-0.97981,-0.966685,-0.95107,-0.933201,-0.913286,-0.891507,-0.868028,-0.842994,-0.816536,-0.788774,-0.759814,-0.729755,-0.698685,-0.666689,-0.633841,-0.600212,-0.565869,-0.530872,-0.495279,-0.459146,-0.422522,-0.385456,-0.347997,-0.310187,-0.27207,-0.233688,-0.19508,-0.156285,-0.117343,-0.0782896,-0.0391631,-1.49583e-16,0.0391631,0.0782896,0.117343,0.156285,0.19508,0.233688,0.27207,0.310187,0.347997,0.385456,0.422522,0.459146,0.495279,0.530872,0.565869,0.600212,0.633841,0.666689,0.698685,0.729755,0.759814,0.788774,0.816536,0.842994,0.868028,0.891507,0.913286,0.933201,0.95107,0.966685,0.97981,0.990178,0.997477,1.00135,1.00137,0.99706,0.987825,0.97297,0.95166,0.922882,0.88541,0.837762,0.778164,0.704579,0.614843,0.50708,0.380528,0.236716,0.0804347,0.195838
-0.0823088,-0.241942,-0.388113,-0.515858,-0.62383,-0.713107,-0.78585,-0.844426,-0.891,-0.927413,-0.955188,-0.975569,-0.989576,-0.998046,-1.00167,-1.00104,-0.996627,-0.988855,-0.978077,-0.964597,-0.94868,-0.930558,-0.910433,-0.888486,-0.864876,-0.839746,-0.813225,-0.785428,-0.756461,-0.72642,-0.695392,-0.663458,-0.630692,-0.597164,-0.562937,-0.528073,-0.492626,-0.45665,-0.420196,-0.383311,-0.346041,-0.308428,-0.270516,-0.232344,-0.193952,-0.155378,-0.116659,-0.0778325,-0.0389341,-1.50279e-16,0.0389341,0.0778325,0.116659,0.155378,0.193952,0.232344,0.270516,0.308428,0.346041,0.383311,0.420196,0.45665,0.492626,0.528073,0.562937,0.597164,0.630692,0.663458,0.695392,0.72642,0.756461,0.785428,0.813225,0.839746,0.864876,0.888486,0.910433,0.930558,0.94868,0.964597,0.978077,0.988855,0.996627,1.00104,1.00167,0.998046,0.989576,0.975569,0.955188,0.927413,0.891,0.844426,0.78585,0.713107,0.62383,0.515858,0.388113,0.241942,0.0823088,0.198863
-0.0842657,-0.247375,-0.395939,-0.524832,-0.63293,-0.721663,-0.793498,-0.851008,-0.89648,-0.931823,-0.958591,-0.978046,-0.991211,-0.998924,-1.00188,-1.00064,-0.995703,-0.98747,-0.976291,-0.962467,-0.946258,-0.92789,-0.907564,-0.885456,-0.861722,-0.836502,-0.809922,-0.782095,-0.753125,-0.723105,-0.69212,-0.660251,-0.627569,-0.594142,-0.560033,-0.5253,-0.489998,-0.454181,-0.417895,-0.381189,-0.344106,-0.306689,-0.268979,-0.231016,-0.192838,-0.154481,-0.115984,-0.077381,-0.0387079,-1.50945e-16,0.0387079,0.077381,0.115984,0.154481,0.192838,0.231016,0.268979,0.306689,0.344106,0.381189,0.417895,0.454181,0.489998,0.5253,0.560033,0.594142,0.627569,0.660251,0.69212,0.723105,0.753125,0.782095,0.809922,0.836502,0.861722,0.885456,0.907564,0.92789,0.946258,0.962467,0.976291,0.98747,0.995703,1.00064,1.00188,0.998924,0.991211,0.978046,0.958591,0.931823,0.89648,0.851008,0.793498,0.721663,0.63293,0.524832,0.395939,0.247375,0.0842657,0.201888
