0,0,0,0,0,0,0,0,0,0,0,0,0,0,0,0,0,0,0,0,0,0,0,0,0.25,1,1,1,1,1,1,1,1,1,1,1,1,1,1,1,1,1,1,1,1,1,1,1,1,0,-1,-1,-1,-1,-1,-1,-1,-1,-1,-1,-1,-1,-1,-1,-1,-1,-1,-1,-1,-1,-1,-1,-1,-1,-0.25,0,0,0,0,0,0,0,0,0,0,0,0,0,0,0,0,0,0,0,0,0,0,0,0,0
0,0,0,0,0,0,0,0,0,0,0,0,0,0,0,0,0,0,0,0,0,0,0,0,0.238252,0.937764,0.998984,1,1,1,1,1,1,1,1,1,1,1,1,1,1,1,1,1,1,1,1,1,1,0.075,-1,-1,-1,-1,-1,-1,-1,-1,-1,-1,-1,-1,-1,-1,-1,-1,-1,-1,-1,-1,-1,-1,-1,-1,-0.25,0,0,0,0,0,0,0,0,0,0,0,0,0,0,0,0,0,0,0,0,0,0,0,0,0.0020202
0,0,0,0,0,0,0,0,0,0,0,0,0,0,0,0,0,0,0,0,0,0,0,0,0.227563,0.878642,0.993939,0.999857,0.999999,1,1,1,1,1,1,1,1,1,1,1,1,1,1,1,1,1,1,1,1,0.15,-1,-1,-1,-1,-1,-1,-1,-1,-1,-1,-1,-1,-1,-1,-1,-1,-1,-1,-1,-1,-1,-1,-1,-1,-0.25,0,0,0,0,0,0,0,0,0,0,0,0,0,0,0,0,0,0,0,0,0,0,0,0,0.00505051
0,0,0,0,0,0,0,0,0,0,0,0,0,0,0,0,0,0,0,0,0,0,0,0,0.217795,0.822316,0.985601,0.999307,0.999981,1,1,1,1,1,1,1,1,1,1,1,1,1,1,1,1,1,1,1,1,0.225,-1,-1,-1,-1,-1,-1,-1,-1,-1,-1,-1,-1,-1,-1,-1,-1,-1,-1,-1,-1,-1,-1,-1,-1,-0.25,0,0,0,0,0,0,0,0,0,0,0,0,0,0,0,0,0,0,0,0,0,0,0,0,0.00808081
0,0,0,0,0,0,0,0,0,0,0,0,0,0,0,0,0,0,0,0,0,0,0,0,0.208832,0.768733,0.974369,0.998153,0.999916,0.999998,1,1,1,1,1,1,1,1,1,1,1,1,1,1,1,1,1,1,1,0.3,-1,-1,-1,-1,-1,-1,-1,-1,-1,-1,-1,-1,-1,-1,-1,-1,-1,-1,-1,-1,-1,-1,-1,-1,-0.25,0,0,0,0,0,0,0,0,0,0,0,0,0,0,0,0,0,0,0,0,0,0,0,0,0.0111111
0,0,0,0,0,0,0,0,0,0,0,0,0,0,0,0,0,0,0,0,0,0,0,0,0.200578,0.718052,0.96039,0.99623,0.999761,0.99999,1,1,1,1,1,1,1,1,1,1,1,1,1,1,1,1,1,1,1,0.375,-1,-1,-1,-1,-1,-1,-1,-1,-1,-1,-1,-1,-1,-1,-1,-1,-1,-1,-1,-1,-1,-1,-1,-1,-0.25,0,0,0,0,0,0,0,0,0,0,0,0,0,0,0,0,0,0,0,0,0,0,0,0,0.0141414
0,0,0,0,0,0,0,0,0,0,0,0,0,0,0,0,0,0,0,0,0,0,0,0,0.192955,0.67057,0.943654,0.993392,0.999462,0.999969,0.999999,1,1,1,1,1,1,1,1,1,1,1,1,1,1,1,1,1,1,0.45,-1,-1,-1,-1,-1,-1,-1,-1,-1,-1,-1,-1,-1,-1,-1,-1,-1,-1,-1,-1,-1,-1,-1,-1,-0.25,0,0,0,0,0,0,0,0,0,0,0,0,0,0,0,0,0,0,0,0,0,0,0,0,0.0171717
0,0,0,0,0,0,0,0,0,0,0,0,0,0,0,0,0,0,0,0,0,0,0,0,0.185893,0.626603,0.924119,0.989503,0.998962,0.999924,0.999996,1,1,1,1,1,1,1,1,1,1,1,1,1,1,1,1,1,1,0.525,-1,-1,-1,-1,-1,-1,-1,-1,-1,-1,-1,-1,-1,-1,-1,-1,-1,-1,-1,-1,-1,-1,-1,-1,-0.25,0,0,0,0,0,0,0,0,0,0,0,0,0,0,0,0,0,0,0,0,0,0,0,0,0.020202
0,0,0,0,0,0,0,0,0,0,0,0,0,0,0,0,0,0,0,0,0,0,0,0,0.179335,0.586374,0.901833,0.984433,0.998194,0.999843,0.999989,0.999999,1,1,1,1,1,1,1,1,1,1,1,1,1,1,1,1,1,0.6,-1,-1,-1,-1,-1,-1,-1,-1,-1,-1,-1,-1,-1,-1,-1,-1,-1,-1,-1,-1,-1,-1,-1,-1,-0.25,0,0,0,0,0,0,0,0,0,0,0,0,0,0,0,0,0,0,0,0,0,0,0,0,0.0232323
0,0,0,0,0,0,0,0,0,0,0,0,0,0,0,0,0,0,0,0,0,0,0,0,0.173231,0.54994,0.877004,0.978062,0.997083,0.999705,0.999977,0.999999,1,1,1,1,1,1,1,1,1,1,1,1,1,1,1,1,1,0.675,-1,-1,-1,-1,-1,-1,-1,-1,-1,-1,-1,-1,-1,-1,-1,-1,-1,-1,-1,-1,-1,-1,-1,-1,-0.25,0,0,0,0,0,0,0,0,0,0,0,0,0,0,0,0,0,0,0,0,0,0,0,0,0.0262626
0,0,0,0,0,0,0,0,0,0,0,0,0,0,0,0,0,0,0,0,0,0,0,0,0.167537,0.517182,0.850008,0.970282,0.995553,0.999488,0.999953,0.999997,1,1,1,1,1,1,1,1,1,1,1,1,1,1,1,1,1,0.75,-1,-1,-1,-1,-1,-1,-1,-1,-1,-1,-1,-1,-1,-1,-1,-1,-1,-1,-1,-1,-1,-1,-1,-1,-0.25,0,0,0,0,0,0,0,0,0,0,0,0,0,0,0,0,0,0,0,0,0,0,0,0,0.0292929
0,0,0,0,0,0,0,0,0,0,0,0,0,0,0,0,0,0,0,0,0,0,0,0,0.162217,0.487846,0.82135,0.960994,0.993521,0.999166,0.999914,0.999993,1,1,1,1,1,1,1,1,1,1,1,1,1,1,1,1,1,0.825,-1,-1,-1,-1,-1,-1,-1,-1,-1,-1,-1,-1,-1,-1,-1,-1,-1,-1,-1,-1,-1,-1,-1,-1,-0.25,0,0,0,0,0,0,0,0,0,0,0,0,0,0,0,0,0,0,0,0,0,0,0,0,0.0323232
0,0,0,0,0,0,0,0,0,0,0,0,0,0,0,0,0,0,0,0,0,0,0,0,0.157235,0.461607,0.791606,0.950111,0.9909,0.998704,0.999852,0.999986,0.999999,1,1,1,1,1,1,1,1,1,1,1,1,1,1,1,1,0.9,-1,-1,-1,-1,-1,-1,-1,-1,-1,-1,-1,-1,-1,-1,-1,-1,-1,-1,-1,-1,-1,-1,-1,-1,-0.25,0,0,0,0,0,0,0,0,0,0,0,0,0,0,0,0,0,0,0,0,0,0,0,0,0.0353535
0,0,0,0,0,0,0,0,0,0,0,0,0,0,0,0,0,0,0,0,0,0,0,0,0.152562,0.438115,0.761365,0.937558,0.987604,0.998067,0.999757,0.999975,0.999998,1,1,1,1,1,1,1,1,1,1,1,1,1,1,1,1,0.975,-1,-1,-1,-1,-1,-1,-1,-1,-1,-1,-1,-1,-1,-1,-1,-1,-1,-1,-1,-1,-1,-1,-1,-1,-0.25,0,0,0,0,0,0,0,0,0,0,0,0,0,0,0,0,0,0,0,0,0,0,0,0,0.0383838
0,0,0,0,0,0,0,0,0,0,0,0,0,0,0,0,0,0,0,0,0,0,0,0,0.148171,0.417031,0.731185,0.923287,0.983544,0.997212,0.999617,0.999956,0.999996,1,1,1,1,1,1,1,1,1,1,1,1,1,1,1,1,1.05,-1,-1,-1,-1,-1,-1,-1,-1,-1,-1,-1,-1,-1,-1,-1,-1,-1,-1,-1,-1,-1,-1,-1,-1,-0.25,0,0,0,0,0,0,0,0,0,0,0,0,0,0,0,0,0,0,0,0,0,0,0,0,0.0413179
0,0,0,0,0,0,0,0,0,0,0,0,0,0,0,0,0,0,0,0,0,0,0,0,0.144232,0.39893,0.702963,0.908071,0.978876,0.996149,0.999429,0.99993,0.999993,0.999999,1,1,1,1,1,1,1,1,1,1,1,1,1,1,1,1.03953,-0.918105,-1,-1,-1,-1,-1,-1,-1,-1,-1,-1,-1,-1,-1,-1,-1,-1,-1,-1,-1,-1,-1,-1,-1,-0.25,0,0,0,0,0,0,0,0,0,0,0,0,0,0,0,0,0,0,0,0,0,0,0,0,0.0442233
0,0,0,0,0,0,0,0,0,0,0,0,0,0,0,0,0,0,0,0,0,0,0,0,0.14047,0.382327,0.675325,0.891169,0.973302,0.994786,0.999169,0.99989,0.999988,0.999999,1,1,1,1,1,1,1,1,1,1,1,1,1,1,1,1.03122,-0.837649,-1,-1,-1,-1,-1,-1,-1,-1,-1,-1,-1,-1,-1,-1,-1,-1,-1,-1,-1,-1,-1,-1,-1,-0.25,0,0,0,0,0,0,0,0,0,0,0,0,0,0,0,0,0,0,0,0,0,0,0,0,0.047154
0,0,0,0,0,0,0,0,0,0,0,0,0,0,0,0,0,0,0,0,0,0,0,0,0.13688,0.367085,0.648616,0.872684,0.966734,0.993068,0.998819,0.999832,0.99998,0.999998,1,1,1,1,1,1,1,1,1,1,1,1,1,1,1,1.02464,-0.758335,-1,-1,-1,-1,-1,-1,-1,-1,-1,-1,-1,-1,-1,-1,-1,-1,-1,-1,-1,-1,-1,-1,-1,-0.25,0,0,0,0,0,0,0,0,0,0,0,0,0,0,0,0,0,0,0,0,0,0,0,0,0.0501052
0,0,0,0,0,0,0,0,0,0,0,0,0,0,0,0,0,0,0,0,0,0,0,0,0.133458,0.353072,0.623084,0.852791,0.959089,0.990936,0.998355,0.99975,0.999968,0.999996,1,1,1,1,1,1,1,1,1,1,1,1,1,1,1,1.01943,-0.679929,-1,-1,-1,-1,-1,-1,-1,-1,-1,-1,-1,-1,-1,-1,-1,-1,-1,-1,-1,-1,-1,-1,-1,-0.25,0,0,0,0,0,0,0,0,0,0,0,0,0,0,0,0,0,0,0,0,0,0,0,0,0.0530727
0,0,0,0,0,0,0,0,0,0,0,0,0,0,0,0,0,0,0,0,0,0,0,0,0.130196,0.340164,0.598883,0.831732,0.950295,0.988328,0.997752,0.999636,0.99995,0.999994,0.999999,1,1,1,1,1,1,1,1,1,1,1,1,1,1,1.01531,-0.602242,-1,-1,-1,-1,-1,-1,-1,-1,-1,-1,-1,-1,-1,-1,-1,-1,-1,-1,-1,-1,-1,-1,-1,-0.25,0,0,0,0,0,0,0,0,0,0,0,0,0,0,0,0,0,0,0,0,0,0,0,0,0.0560533
0,0,0,0,0,0,0,0,0,0,0,0,0,0,0,0,0,0,0,0,0,0,0,0,0.127085,0.328246,0.576088,0.809798,0.940287,0.98518,0.996979,0.999482,0.999924,0.99999,0.999999,1,1,1,1,1,1,1,1,1,1,1,1,1,1,1.01206,-0.525122,-1,-1,-1,-1,-1,-1,-1,-1,-1,-1,-1,-1,-1,-1,-1,-1,-1,-1,-1,-1,-1,-1,-1,-0.25,0,0,0,0,0,0,0,0,0,0,0,0,0,0,0,0,0,0,0,0,0,0,0,0,0.0590442
0,0,0,0,0,0,0,0,0,0,0,0,0,0,0,0,0,0,0,0,0,0,0,0,0.124118,0.317216,0.554712,0.787307,0.929023,0.981426,0.996003,0.999276,0.999888,0.999985,0.999998,1,1,1,1,1,1,1,1,1,1,1,1,1,1,1.0095,-0.448452,-1,-1,-1,-1,-1,-1,-1,-1,-1,-1,-1,-1,-1,-1,-1,-1,-1,-1,-1,-1,-1,-1,-1,-0.25,0,0,0,0,0,0,0,0,0,0,0,0,0,0,0,0,0,0,0,0,0,0,0,0,0.0620435
0,0,0,0,0,0,0,0,0,0,0,0,0,0,0,0,0,0,0,0,0,0,0,0,0.121287,0.306982,0.534721,0.76458,0.916486,0.976998,0.994788,0.999006,0.999837,0.999977,0.999997,1,1,1,1,1,1,1,1,1,1,1,1,1,1,1.00748,-0.372137,-1,-1,-1,-1,-1,-1,-1,-1,-1,-1,-1,-1,-1,-1,-1,-1,-1,-1,-1,-1,-1,-1,-1,-0.25,0,0,0,0,0,0,0,0,0,0,0,0,0,0,0,0,0,0,0,0,0,0,0,0,0.0650493
0,0,0,0,0,0,0,0,0,0,0,0,0,0,0,0,0,0,0,0,0,0,0,0,0.118584,0.297462,0.516053,0.741915,0.902695,0.97183,0.993293,0.998655,0.999768,0.999965,0.999995,0.999999,1,1,1,1,1,1,1,1,1,1,1,1,1,1.00589,-0.296101,-1,-1,-1,-1,-1,-1,-1,-1,-1,-1,-1,-1,-1,-1,-1,-1,-1,-1,-1,-1,-1,-1,-1,-0.25,0,0,0,0,0,0,0,0,0,0,0,0,0,0,0,0,0,0,0,0,0,0,0,0,0.0680603
0,0,0,0,0,0,0,0,0,0,0,0,0,0,0,0,0,0,0,0,0,0,0,0,0.116001,0.288584,0.498629,0.719575,0.887712,0.965857,0.991475,0.998206,0.999675,0.999949,0.999993,0.999999,1,1,1,1,1,1,1,1,1,1,1,1,1,1.00463,-0.220286,-1,-1,-1,-1,-1,-1,-1,-1,-1,-1,-1,-1,-1,-1,-1,-1,-1,-1,-1,-1,-1,-1,-1,-0.25,0,0,0,0,0,0,0,0,0,0,0,0,0,0,0,0,0,0,0,0,0,0,0,0,0.0710754
0,0,0,0,0,0,0,0,0,0,0,0,0,0,0,0,0,0,0,0,0,0,0,0,0.113531,0.280284,0.48236,0.697775,0.87164,0.959016,0.989286,0.99764,0.999553,0.999926,0.999989,0.999999,1,1,1,1,1,1,1,1,1,1,1,1,1,1.00364,-0.144644,-1,-1,-1,-1,-1,-1,-1,-1,-1,-1,-1,-1,-1,-1,-1,-1,-1,-1,-1,-1,-1,-1,-1,-0.25,0,0,0,0,0,0,0,0,0,0,0,0,0,0,0,0,0,0,0,0,0,0,0,0,0.0740937
0,0,0,0,0,0,0,0,0,0,0,0,0,0,0,0,0,0,0,0,0,0,0,0,0.111167,0.272508,0.467159,0.676676,0.854628,0.951254,0.986679,0.996933,0.999392,0.999895,0.999984,0.999998,1,1,1,1,1,1,1,1,1,1,1,1,1,1.00287,-0.0691388,-1,-1,-1,-1,-1,-1,-1,-1,-1,-1,-1,-1,-1,-1,-1,-1,-1,-1,-1,-1,-1,-1,-1,-0.25,0,0,0,0,0,0,0,0,0,0,0,0,0,0,0,0,0,0,0,0,0,0,0,0,0.0771145
0,0,0,0,0,0,0,0,0,0,0,0,0,0,0,0,0,0,0,0,0,0,0,0,0.108903,0.265204,0.452938,0.656389,0.836858,0.942523,0.983601,0.996059,0.999185,0.999853,0.999976,0.999997,1,1,1,1,1,1,1,1,1,1,1,1,1,1.00225,0.00625857,-1,-1,-1,-1,-1,-1,-1,-1,-1,-1,-1,-1,-1,-1,-1,-1,-1,-1,-1,-1,-1,-1,-1,-0.25,0,0,0,0,0,0,0,0,0,0,0,0,0,0,0,0,0,0,0,0,0,0,0,0,0.0801374
0,0,0,0,0,0,0,0,0,0,0,0,0,0,0,0,0,0,0,0,0,0,0,0,0.106733,0.258331,0.439615,0.636981,0.818533,0.932793,0.980001,0.994991,0.998921,0.999797,0.999966,0.999995,0.999999,1,1,1,1,1,1,1,1,1,1,1,1,1.00177,0.0815712,-1,-1,-1,-1,-1,-1,-1,-1,-1,-1,-1,-1,-1,-1,-1,-1,-1,-1,-1,-1,-1,-1,-1,-0.25,0,0,0,0,0,0,0,0,0,0,0,0,0,0,0,0,0,0,0,0,0,0,0,0,0.0831619
0,0,0,0,0,0,0,0,0,0,0,0,0,0,0,0,0,0,0,0,0,0,0,0,0.104651,0.251849,0.427113,0.618482,0.799866,0.922053,0.975824,0.993697,0.998587,0.999723,0.999952,0.999993,0.999999,1,1,1,1,1,1,1,1,1,1,1,1,1.00139,0.156817,-1,-1,-1,-1,-1,-1,-1,-1,-1,-1,-1,-1,-1,-1,-1,-1,-1,-1,-1,-1,-1,-1,-1,-0.25,0,0,0,0,0,0,0,0,0,0,0,0,0,0,0,0,0,0,0,0,0,0,0,0,0.0861876
0,0,0,0,0,0,0,0,0,0,0,0,0,0,0,0,0,0,0,0,0,0,0,0,0.102652,0.245724,0.415363,0.600896,0.781065,0.910317,0.971018,0.992142,0.99817,0.999627,0.999933,0.999989,0.999998,1,1,1,1,1,1,1,1,1,1,1,1,1.0011,0.23201,-1,-1,-1,-1,-1,-1,-1,-1,-1,-1,-1,-1,-1,-1,-1,-1,-1,-1,-1,-1,-1,-1,-1,-0.25,0,0,0,0,0,0,0,0,0,0,0,0,0,0,0,0,0,0,0,0,0,0,0,0,0.0892142
0,0,0,0,0,0,0,0,0,0,0,0,0,0,0,0,0,0,0,0,0,0,0,0,0.10073,0.239927,0.404299,0.584203,0.762322,0.897629,0.965529,0.990291,0.997652,0.999503,0.999907,0.999984,0.999998,1,1,1,1,1,1,1,1,1,1,1,1,1.00086,0.307163,-1,-1,-1,-1,-1,-1,-1,-1,-1,-1,-1,-1,-1,-1,-1,-1,-1,-1,-1,-1,-1,-1,-1,-0.25,0,0,0,0,0,0,0,0,0,0,0,0,0,0,0,0,0,0,0,0,0,0,0,0,0.0922417
0,0,0,0,0,0,0,0,0,0,0,0,0,0,0,0,0,0,0,0,0,0,0,0,0.0988825,0.234429,0.393865,0.568373,0.743803,0.884063,0.959311,0.988105,0.997016,0.999346,0.999873,0.999978,0.999996,0.999999,1,1,1,1,1,1,1,1,1,1,1,1.00068,0.382282,-1,-1,-1,-1,-1,-1,-1,-1,-1,-1,-1,-1,-1,-1,-1,-1,-1,-1,-1,-1,-1,-1,-1,-0.25,0,0,0,0,0,0,0,0,0,0,0,0,0,0,0,0,0,0,0,0,0,0,0,0,0.0952698
0,0,0,0,0,0,0,0,0,0,0,0,0,0,0,0,0,0,0,0,0,0,0,0,0.0971041,0.229208,0.384008,0.553366,0.725643,0.86972,0.952318,0.985542,0.996242,0.999147,0.999828,0.999969,0.999995,0.999999,1,1,1,1,1,1,1,1,1,1,1,1.00053,0.457376,-1,-1,-1,-1,-1,-1,-1,-1,-1,-1,-1,-1,-1,-1,-1,-1,-1,-1,-1,-1,-1,-1,-1,-0.25,0,0,0,0,0,0,0,0,0,0,0,0,0,0,0,0,0,0,0,0,0,0,0,0,0.0982983
0,0,0,0,0,0,0,0,0,0,0,0,0,0,0,0,0,0,0,0,0,0,0,0,0.095391,0.224241,0.37468,0.539138,0.707949,0.85473,0.944517,0.98256,0.995307,0.998897,0.99977,0.999957,0.999993,0.999999,1,1,1,1,1,1,1,1,1,1,1,1.00042,0.53245,-1,-1,-1,-1,-1,-1,-1,-1,-1,-1,-1,-1,-1,-1,-1,-1,-1,-1,-1,-1,-1,-1,-1,-0.25,0,0,0,0,0,0,0,0,0,0,0,0,0,0,0,0,0,0,0,0,0,0,0,0,0.101327
0,0,0,0,0,0,0,0,0,0,0,0,0,0,0,0,0,0,0,0,0,0,0,0,0.0937398,0.21951,0.36584,0.525643,0.690796,0.839237,0.935885,0.979115,0.994185,0.998587,0.999696,0.999941,0.99999,0.999998,1,1,1,1,1,1,1,1,1,1,1,1.00033,0.607508,-1,-1,-1,-1,-1,-1,-1,-1,-1,-1,-1,-1,-1,-1,-1,-1,-1,-1,-1,-1,-1,-1,-1,-0.25,0,0,0,0,0,0,0,0,0,0,0,0,0,0,0,0,0,0,0,0,0,0,0,0,0.104356
0,0,0,0,0,0,0,0,0,0,0,0,0,0,0,0,0,0,0,0,0,0,0,0,0.0921471,0.214997,0.357449,0.512833,0.674233,0.823393,0.926414,0.975163,0.99285,0.998205,0.999601,0.99992,0.999986,0.999998,1,1,1,1,1,1,1,1,1,1,1,1.00026,0.682554,-1,-1,-1,-1,-1,-1,-1,-1,-1,-1,-1,-1,-1,-1,-1,-1,-1,-1,-1,-1,-1,-1,-1,-0.25,0,0,0,0,0,0,0,0,0,0,0,0,0,0,0,0,0,0,0,0,0,0,0,0,0.107386
0,0,0,0,0,0,0,0,0,0,0,0,0,0,0,0,0,0,0,0,0,0,0,0,0.0906097,0.210686,0.349472,0.500664,0.658287,0.807351,0.916118,0.970659,0.991271,0.997738,0.999481,0.999893,0.99998,0.999997,0.999999,1,1,1,1,1,1,1,1,1,1,1.0002,0.75759,-1,-1,-1,-1,-1,-1,-1,-1,-1,-1,-1,-1,-1,-1,-1,-1,-1,-1,-1,-1,-1,-1,-1,-0.25,0,0,0,0,0,0,0,0,0,0,0,0,0,0,0,0,0,0,0,0,0,0,0,0,0.110416
0,0,0,0,0,0,0,0,0,0,0,0,0,0,0,0,0,0,0,0,0,0,0,0,0.0891248,0.206563,0.341879,0.489093,0.642971,0.791255,0.905031,0.96556,0.989418,0.997171,0.999331,0.999858,0.999973,0.999995,0.999999,1,1,1,1,1,1,1,1,1,1,1.00016,0.832618,-1,-1,-1,-1,-1,-1,-1,-1,-1,-1,-1,-1,-1,-1,-1,-1,-1,-1,-1,-1,-1,-1,-1,-0.25,0,0,0,0,0,0,0,0,0,0,0,0,0,0,0,0,0,0,0,0,0,0,0,0,0.113445
0,0,0,0,0,0,0,0,0,0,0,0,0,0,0,0,0,0,0,0,0,0,0,0,0.0876896,0.202615,0.334641,0.478079,0.628279,0.775235,0.893211,0.959827,0.987257,0.996487,0.999144,0.999813,0.999963,0.999993,0.999999,1,1,1,1,1,1,1,1,1,1,1.00013,0.907641,-1,-1,-1,-1,-1,-1,-1,-1,-1,-1,-1,-1,-1,-1,-1,-1,-1,-1,-1,-1,-1,-1,-1,-0.25,0,0,0,0,0,0,0,0,0,0,0,0,0,0,0,0,0,0,0,0,0,0,0,0,0.116475
0,0,0,0,0,0,0,0,0,0,0,0,0,0,0,0,0,0,0,0,0,0,0,0,0.0863017,0.198831,0.327733,0.467585,0.614202,0.7594,0.880738,0.953425,0.984752,0.995668,0.998913,0.999755,0.99995,0.999991,0.999998,1,1,1,1,1,1,1,1,1,1,1.0001,0.982658,-1,-1,-1,-1,-1,-1,-1,-1,-1,-1,-1,-1,-1,-1,-1,-1,-1,-1,-1,-1,-1,-1,-1,-0.25,0,0,0,0,0,0,0,0,0,0,0,0,0,0,0,0,0,0,0,0,0,0,0,0,0.119505
0,0,0,0,0,0,0,0,0,0,0,0,0,0,0,0,0,0,0,0,0,0,0,0,0.0849586,0.1952,0.321133,0.457575,0.600718,0.743842,0.867707,0.946326,0.981867,0.994693,0.998629,0.999683,0.999934,0.999987,0.999998,1,1,1,1,1,1,1,1,1,1,1.00008,1.00653,-0.948855,-1,-1,-1,-1,-1,-1,-1,-1,-1,-1,-1,-1,-1,-1,-1,-1,-1,-1,-1,-1,-1,-1,-0.25,0,0,0,0,0,0,0,0,0,0,0,0,0,0,0,0,0,0,0,0,0,0,0,0,0.122522
0,0,0,0,0,0,0,0,0,0,0,0,0,0,0,0,0,0,0,0,0,0,0,0,0.0836665,0.191735,0.314858,0.448077,0.587889,0.728726,0.854316,0.938566,0.978585,0.993548,0.998286,0.999592,0.999912,0.999983,0.999997,0.999999,1,1,1,1,1,1,1,1,1,1.00006,1.00516,-0.872955,-1,-1,-1,-1,-1,-1,-1,-1,-1,-1,-1,-1,-1,-1,-1,-1,-1,-1,-1,-1,-1,-1,-0.25,0,0,0,0,0,0,0,0,0,0,0,0,0,0,0,0,0,0,0,0,0,0,0,0,0.125536
0,0,0,0,0,0,0,0,0,0,0,0,0,0,0,0,0,0,0,0,0,0,0,0,0.0824128,0.188398,0.308839,0.438984,0.575582,0.713982,0.840582,0.930086,0.974849,0.9922,0.997869,0.999479,0.999885,0.999977,0.999996,0.999999,1,1,1,1,1,1,1,1,1,1.00005,1.00407,-0.797243,-1,-1,-1,-1,-1,-1,-1,-1,-1,-1,-1,-1,-1,-1,-1,-1,-1,-1,-1,-1,-1,-1,-0.25,0,0,0,0,0,0,0,0,0,0,0,0,0,0,0,0,0,0,0,0,0,0,0,0,0.128553
0,0,0,0,0,0,0,0,0,0,0,0,0,0,0,0,0,0,0,0,0,0,0,0,0.0811962,0.185183,0.303062,0.430272,0.563777,0.699649,0.826622,0.9209,0.97062,0.990625,0.997368,0.99934,0.99985,0.999969,0.999994,0.999999,1,1,1,1,1,1,1,1,1,1.00004,1.00322,-0.721681,-1,-1,-1,-1,-1,-1,-1,-1,-1,-1,-1,-1,-1,-1,-1,-1,-1,-1,-1,-1,-1,-1,-0.25,0,0,0,0,0,0,0,0,0,0,0,0,0,0,0,0,0,0,0,0,0,0,0,0,0.131572
0,0,0,0,0,0,0,0,0,0,0,0,0,0,0,0,0,0,0,0,0,0,0,0,0.0800151,0.182084,0.297512,0.421919,0.552452,0.685752,0.81255,0.911037,0.965861,0.988794,0.996768,0.999168,0.999806,0.999959,0.999992,0.999999,1,1,1,1,1,1,1,1,1,1.00003,1.00254,-0.646237,-1,-1,-1,-1,-1,-1,-1,-1,-1,-1,-1,-1,-1,-1,-1,-1,-1,-1,-1,-1,-1,-1,-0.25,0,0,0,0,0,0,0,0,0,0,0,0,0,0,0,0,0,0,0,0,0,0,0,0,0.134594
0,0,0,0,0,0,0,0,0,0,0,0,0,0,0,0,0,0,0,0,0,0,0,0,0.0788684,0.179094,0.292177,0.413904,0.541583,0.672304,0.798471,0.900543,0.960541,0.986677,0.996053,0.998957,0.999751,0.999946,0.999989,0.999998,1,1,1,1,1,1,1,1,1,1.00002,1.00201,-0.570886,-1,-1,-1,-1,-1,-1,-1,-1,-1,-1,-1,-1,-1,-1,-1,-1,-1,-1,-1,-1,-1,-1,-0.25,0,0,0,0,0,0,0,0,0,0,0,0,0,0,0,0,0,0,0,0,0,0,0,0,0.137618
0,0,0,0,0,0,0,0,0,0,0,0,0,0,0,0,0,0,0,0,0,0,0,0,0.0777545,0.176208,0.287044,0.406208,0.531147,0.65931,0.784476,0.889483,0.95463,0.984244,0.995208,0.998701,0.999682,0.999929,0.999985,0.999997,1,1,1,1,1,1,1,1,1,1.00002,1.00158,-0.495609,-1,-1,-1,-1,-1,-1,-1,-1,-1,-1,-1,-1,-1,-1,-1,-1,-1,-1,-1,-1,-1,-1,-0.25,0,0,0,0,0,0,0,0,0,0,0,0,0,0,0,0,0,0,0,0,0,0,0,0,0.140643
0,0,0,0,0,0,0,0,0,0,0,0,0,0,0,0,0,0,0,0,0,0,0,0,0.0766723,0.17342,0.282102,0.398812,0.521123,0.646765,0.770643,0.877936,0.948106,0.981462,0.994212,0.998391,0.999597,0.999908,0.999981,0.999996,0.999999,1,1,1,1,1,1,1,1,1.00001,1.00125,-0.42039,-1,-1,-1,-1,-1,-1,-1,-1,-1,-1,-1,-1,-1,-1,-1,-1,-1,-1,-1,-1,-1,-1,-0.25,0,0,0,0,0,0,0,0,0,0,0,0,0,0,0,0,0,0,0,0,0,0,0,0,0.143669
0,0,0,0,0,0,0,0,0,0,0,0,0,0,0,0,0,0,0,0,0,0,0,0,0.0756203,0.170726,0.277341,0.3917,0.511487,0.634661,0.757034,0.865989,0.940958,0.978298,0.993046,0.998019,0.999491,0.999881,0.999974,0.999995,0.999999,1,1,1,1,1,1,1,1,1.00001,1.00099,-0.345218,-1,-1,-1,-1,-1,-1,-1,-1,-1,-1,-1,-1,-1,-1,-1,-1,-1,-1,-1,-1,-1,-1,-0.25,0,0,0,0,0,0,0,0,0,0,0,0,0,0,0,0,0,0,0,0,0,0,0,0,0.146696
0,0,0,0,0,0,0,0,0,0,0,0,0,0,0,0,0,0,0,0,0,0,0,0,0.0745974,0.168121,0.272751,0.384855,0.502219,0.622988,0.743696,0.853736,0.933184,0.974719,0.991687,0.997573,0.999362,0.999847,0.999966,0.999993,0.999999,1,1,1,1,1,1,1,1,1.00001,1.00078,-0.270081,-1,-1,-1,-1,-1,-1,-1,-1,-1,-1,-1,-1,-1,-1,-1,-1,-1,-1,-1,-1,-1,-1,-0.25,0,0,0,0,0,0,0,0,0,0,0,0,0,0,0,0,0,0,0,0,0,0,0,0,0.149724
0,0,0,0,0,0,0,0,0,0,0,0,0,0,0,0,0,0,0,0,0,0,0,0,0.0736025,0.1656,0.268323,0.378262,0.493299,0.61173,0.730665,0.841272,0.924796,0.970693,0.990113,0.997042,0.999204,0.999805,0.999956,0.999991,0.999998,1,1,1,1,1,1,1,1,1.00001,1.00062,-0.194974,-1,-1,-1,-1,-1,-1,-1,-1,-1,-1,-1,-1,-1,-1,-1,-1,-1,-1,-1,-1,-1,-1,-0.25,0,0,0,0,0,0,0,0,0,0,0,0,0,0,0,0,0,0,0,0,0,0,0,0,0.152752
0,0,0,0,0,0,0,0,0,0,0,0,0,0,0,0,0,0,0,0,0,0,0,0,0.0726344,0.16316,0.264047,0.371907,0.484709,0.600872,0.717965,0.828688,0.915822,0.966189,0.988298,0.996414,0.999012,0.999752,0.999943,0.999988,0.999998,1,1,1,1,1,1,1,1,1.00001,1.00049,-0.119889,-1,-1,-1,-1,-1,-1,-1,-1,-1,-1,-1,-1,-1,-1,-1,-1,-1,-1,-1,-1,-1,-1,-0.25,0,0,0,0,0,0,0,0,0,0,0,0,0,0,0,0,0,0,0,0,0,0,0,0,0.155781
0,0,0,0,0,0,0,0,0,0,0,0,0,0,0,0,0,0,0,0,0,0,0,0,0.071692,0.160795,0.259916,0.365778,0.47643,0.590398,0.705612,0.81607,0.906302,0.961179,0.986215,0.995673,0.99878,0.999687,0.999926,0.999984,0.999997,0.999999,1,1,1,1,1,1,1,1,1.00038,-0.0448215,-1,-1,-1,-1,-1,-1,-1,-1,-1,-1,-1,-1,-1,-1,-1,-1,-1,-1,-1,-1,-1,-1,-0.25,0,0,0,0,0,0,0,0,0,0,0,0,0,0,0,0,0,0,0,0,0,0,0,0,0.15881
0,0,0,0,0,0,0,0,0,0,0,0,0,0,0,0,0,0,0,0,0,0,0,0,0.0707744,0.158503,0.255923,0.359862,0.468446,0.58029,0.693613,0.803491,0.896291,0.95564,0.983837,0.994804,0.998502,0.999607,0.999906,0.999979,0.999996,0.999999,1,1,1,1,1,1,1,1,1.0003,0.0302315,-1,-1,-1,-1,-1,-1,-1,-1,-1,-1,-1,-1,-1,-1,-1,-1,-1,-1,-1,-1,-1,-1,-0.25,0,0,0,0,0,0,0,0,0,0,0,0,0,0,0,0,0,0,0,0,0,0,0,0,0.161839
0,0,0,0,0,0,0,0,0,0,0,0,0,0,0,0,0,0,0,0,0,0,0,0,0.0698805,0.156281,0.25206,0.354148,0.460742,0.570533,0.681969,0.791015,0.885853,0.949553,0.981134,0.993791,0.998169,0.99951,0.99988,0.999973,0.999994,0.999999,1,1,1,1,1,1,1,1,1.00024,0.105273,-1,-1,-1,-1,-1,-1,-1,-1,-1,-1,-1,-1,-1,-1,-1,-1,-1,-1,-1,-1,-1,-1,-0.25,0,0,0,0,0,0,0,0,0,0,0,0,0,0,0,0,0,0,0,0,0,0,0,0,0.164869
0,0,0,0,0,0,0,0,0,0,0,0,0,0,0,0,0,0,0,0,0,0,0,0,0.0690095,0.154124,0.248322,0.348627,0.453303,0.56111,0.670679,0.778696,0.875064,0.942911,0.978079,0.992613,0.997772,0.999391,0.999847,0.999965,0.999992,0.999998,1,1,1,1,1,1,1,1,1.00019,0.180306,-1,-1,-1,-1,-1,-1,-1,-1,-1,-1,-1,-1,-1,-1,-1,-1,-1,-1,-1,-1,-1,-1,-0.25,0,0,0,0,0,0,0,0,0,0,0,0,0,0,0,0,0,0,0,0,0,0,0,0,0.167898
0,0,0,0,0,0,0,0,0,0,0,0,0,0,0,0,0,0,0,0,0,0,0,0,0.0681604,0.15203,0.244701,0.343286,0.446115,0.552006,0.659736,0.766576,0.863999,0.935715,0.974641,0.991252,0.997303,0.999246,0.999807,0.999954,0.99999,0.999998,1,1,1,1,1,1,1,1,1.00015,0.255332,-1,-1,-1,-1,-1,-1,-1,-1,-1,-1,-1,-1,-1,-1,-1,-1,-1,-1,-1,-1,-1,-1,-0.25,0,0,0,0,0,0,0,0,0,0,0,0,0,0,0,0,0,0,0,0,0,0,0,0,0.170928
0,0,0,0,0,0,0,0,0,0,0,0,0,0,0,0,0,0,0,0,0,0,0,0,0.0673325,0.149997,0.241192,0.338119,0.439166,0.543206,0.649133,0.754687,0.852738,0.927977,0.970793,0.989685,0.996749,0.999072,0.999758,0.999942,0.999987,0.999997,0.999999,1,1,1,1,1,1,1,1.00012,0.330353,-1,-1,-1,-1,-1,-1,-1,-1,-1,-1,-1,-1,-1,-1,-1,-1,-1,-1,-1,-1,-1,-1,-0.25,0,0,0,0,0,0,0,0,0,0,0,0,0,0,0,0,0,0,0,0,0,0,0,0,0.173958
0,0,0,0,0,0,0,0,0,0,0,0,0,0,0,0,0,0,0,0,0,0,0,0,0.066525,0.14802,0.23779,0.333116,0.432443,0.534694,0.638859,0.743051,0.841357,0.919723,0.966507,0.987889,0.996098,0.998863,0.999697,0.999926,0.999983,0.999996,0.999999,1,1,1,1,1,1,1,1.00009,0.405369,-1,-1,-1,-1,-1,-1,-1,-1,-1,-1,-1,-1,-1,-1,-1,-1,-1,-1,-1,-1,-1,-1,-0.25,0,0,0,0,0,0,0,0,0,0,0,0,0,0,0,0,0,0,0,0,0,0,0,0,0.176988
0,0,0,0,0,0,0,0,0,0,0,0,0,0,0,0,0,0,0,0,0,0,0,0,0.0657371,0.146099,0.234489,0.32827,0.425937,0.526458,0.628904,0.731686,0.829924,0.910988,0.96176,0.985841,0.995338,0.998613,0.999623,0.999906,0.999978,0.999995,0.999999,1,1,1,1,1,1,1,1.00007,0.480382,-1,-1,-1,-1,-1,-1,-1,-1,-1,-1,-1,-1,-1,-1,-1,-1,-1,-1,-1,-1,-1,-1,-0.25,0,0,0,0,0,0,0,0,0,0,0,0,0,0,0,0,0,0,0,0,0,0,0,0,0.180018
0,0,0,0,0,0,0,0,0,0,0,0,0,0,0,0,0,0,0,0,0,0,0,0,0.064968,0.14423,0.231286,0.323572,0.419635,0.518484,0.619257,0.7206,0.818504,0.901821,0.956532,0.983515,0.994453,0.998316,0.999533,0.999881,0.999972,0.999994,0.999999,1,1,1,1,1,1,1,1.00006,0.555392,-1,-1,-1,-1,-1,-1,-1,-1,-1,-1,-1,-1,-1,-1,-1,-1,-1,-1,-1,-1,-1,-1,-0.25,0,0,0,0,0,0,0,0,0,0,0,0,0,0,0,0,0,0,0,0,0,0,0,0,0.183048
0,0,0,0,0,0,0,0,0,0,0,0,0,0,0,0,0,0,0,0,0,0,0,0,0.0642171,0.142412,0.228176,0.319016,0.413529,0.51076,0.609905,0.709798,0.80715,0.892277,0.95081,0.980886,0.993427,0.997963,0.999424,0.99985,0.999964,0.999992,0.999998,1,1,1,1,1,1,1,1.00005,0.6304,-1,-1,-1,-1,-1,-1,-1,-1,-1,-1,-1,-1,-1,-1,-1,-1,-1,-1,-1,-1,-1,-1,-0.25,0,0,0,0,0,0,0,0,0,0,0,0,0,0,0,0,0,0,0,0,0,0,0,0,0.186079
0,0,0,0,0,0,0,0,0,0,0,0,0,0,0,0,0,0,0,0,0,0,0,0,0.0634838,0.140642,0.225154,0.314595,0.407609,0.503275,0.600837,0.699282,0.795908,0.88242,0.944587,0.977927,0.992243,0.997547,0.999293,0.999812,0.999954,0.999989,0.999998,1,1,1,1,1,1,1,1.00004,0.705406,-1,-1,-1,-1,-1,-1,-1,-1,-1,-1,-1,-1,-1,-1,-1,-1,-1,-1,-1,-1,-1,-1,-0.25,0,0,0,0,0,0,0,0,0,0,0,0,0,0,0,0,0,0,0,0,0,0,0,0,0.189109
0,0,0,0,0,0,0,0,0,0,0,0,0,0,0,0,0,0,0,0,0,0,0,0,0.0627675,0.138918,0.222217,0.310304,0.401866,0.496018,0.592043,0.689049,0.784814,0.872316,0.937868,0.974613,0.990882,0.997058,0.999136,0.999766,0.999941,0.999986,0.999997,0.999999,1,1,1,1,1,1,1.00003,0.780411,-1,-1,-1,-1,-1,-1,-1,-1,-1,-1,-1,-1,-1,-1,-1,-1,-1,-1,-1,-1,-1,-1,-0.25,0,0,0,0,0,0,0,0,0,0,0,0,0,0,0,0,0,0,0,0,0,0,0,0,0.192139
0,0,0,0,0,0,0,0,0,0,0,0,0,0,0,0,0,0,0,0,0,0,0,0,0.0620674,0.137238,0.21936,0.306136,0.396294,0.488978,0.58351,0.679096,0.773898,0.86203,0.930665,0.970918,0.989325,0.996485,0.998947,0.99971,0.999926,0.999982,0.999996,0.999999,1,1,1,1,1,1,1.00002,0.855415,-1,-1,-1,-1,-1,-1,-1,-1,-1,-1,-1,-1,-1,-1,-1,-1,-1,-1,-1,-1,-1,-1,-0.25,0,0,0,0,0,0,0,0,0,0,0,0,0,0,0,0,0,0,0,0,0,0,0,0,0.195169
0,0,0,0,0,0,0,0,0,0,0,0,0,0,0,0,0,0,0,0,0,0,0,0,0.0613832,0.135601,0.216582,0.302086,0.390883,0.482146,0.575228,0.669416,0.763181,0.851628,0.923001,0.966819,0.98755,0.995817,0.998723,0.999642,0.999907,0.999978,0.999995,0.999999,1,1,1,1,1,1,1.00002,0.930418,-1,-1,-1,-1,-1,-1,-1,-1,-1,-1,-1,-1,-1,-1,-1,-1,-1,-1,-1,-1,-1,-1,-0.25,0,0,0,0,0,0,0,0,0,0,0,0,0,0,0,0,0,0,0,0,0,0,0,0,0.198199
0,0,0,0,0,0,0,0,0,0,0,0,0,0,0,0,0,0,0,0,0,0,0,0,0.0607142,0.134005,0.213878,0.298149,0.385626,0.475512,0.567187,0.660002,0.752678,0.841168,0.914909,0.962296,0.985536,0.995041,0.998457,0.99956,0.999884,0.999971,0.999993,0.999999,1,1,1,1,1,1,1.00001,1.00542,-1,-1,-1,-1,-1,-1,-1,-1,-1,-1,-1,-1,-1,-1,-1,-1,-1,-1,-1,-1,-1,-1,-0.25,0,0,0,0,0,0,0,0,0,0,0,0,0,0,0,0,0,0,0,0,0,0,0,0,0.201219
0,0,0,0,0,0,0,0,0,0,0,0,0,0,0,0,0,0,0,0,0,0,0,0,0.0600634,0.132457,0.211259,0.29434,0.380546,0.469102,0.559418,0.650896,0.742456,0.83076,0.906479,0.957359,0.983272,0.994149,0.998145,0.999461,0.999855,0.999964,0.999991,0.999998,1,1,1,1,1,1,1.00001,1.00427,-0.924249,-1,-1,-1,-1,-1,-1,-1,-1,-1,-1,-1,-1,-1,-1,-1,-1,-1,-1,-1,-1,-1,-0.25,0,0,0,0,0,0,0,0,0,0,0,0,0,0,0,0,0,0,0,0,0,0,0,0,0.204235
0,0,0,0,0,0,0,0,0,0,0,0,0,0,0,0,0,0,0,0,0,0,0,0,0.059426,0.130944,0.208705,0.29063,0.375599,0.462865,0.551859,0.642028,0.732451,0.820382,0.897707,0.95197,0.980721,0.99312,0.997777,0.999342,0.99982,0.999954,0.999989,0.999998,0.999999,1,1,1,1,1,1.00001,1.00336,-0.848658,-1,-1,-1,-1,-1,-1,-1,-1,-1,-1,-1,-1,-1,-1,-1,-1,-1,-1,-1,-1,-1,-0.25,0,0,0,0,0,0,0,0,0,0,0,0,0,0,0,0,0,0,0,0,0,0,0,0,0.207254
0,0,0,0,0,0,0,0,0,0,0,0,0,0,0,0,0,0,0,0,0,0,0,0,0.0588017,0.129466,0.206213,0.287015,0.370783,0.456795,0.544503,0.633393,0.722669,0.810076,0.888649,0.946125,0.977861,0.991938,0.997346,0.999201,0.999778,0.999942,0.999986,0.999997,0.999999,1,1,1,1,1,1.00001,1.00265,-0.773192,-1,-1,-1,-1,-1,-1,-1,-1,-1,-1,-1,-1,-1,-1,-1,-1,-1,-1,-1,-1,-1,-0.25,0,0,0,0,0,0,0,0,0,0,0,0,0,0,0,0,0,0,0,0,0,0,0,0,0.210276
0,0,0,0,0,0,0,0,0,0,0,0,0,0,0,0,0,0,0,0,0,0,0,0,0.0581902,0.128022,0.203783,0.283491,0.366093,0.450887,0.537344,0.624985,0.713114,0.799876,0.879362,0.939828,0.974668,0.990587,0.996843,0.999032,0.999726,0.999928,0.999982,0.999996,0.999999,1,1,1,1,1,1.00001,1.00208,-0.697826,-1,-1,-1,-1,-1,-1,-1,-1,-1,-1,-1,-1,-1,-1,-1,-1,-1,-1,-1,-1,-1,-0.25,0,0,0,0,0,0,0,0,0,0,0,0,0,0,0,0,0,0,0,0,0,0,0,0,0.213299
0,0,0,0,0,0,0,0,0,0,0,0,0,0,0,0,0,0,0,0,0,0,0,0,0.0575912,0.126611,0.201411,0.280057,0.361525,0.445134,0.530376,0.616797,0.703785,0.789809,0.869904,0.933093,0.97112,0.989047,0.996257,0.998832,0.999664,0.99991,0.999977,0.999995,0.999999,1,1,1,1,1,1,1.00164,-0.622537,-1,-1,-1,-1,-1,-1,-1,-1,-1,-1,-1,-1,-1,-1,-1,-1,-1,-1,-1,-1,-1,-0.25,0,0,0,0,0,0,0,0,0,0,0,0,0,0,0,0,0,0,0,0,0,0,0,0,0.216324
0,0,0,0,0,0,0,0,0,0,0,0,0,0,0,0,0,0,0,0,0,0,0,0,0.0570044,0.125232,0.199097,0.276709,0.357074,0.439531,0.523591,0.608822,0.69468,0.779896,0.860331,0.925941,0.967196,0.9873,0.995578,0.998595,0.999589,0.999888,0.999972,0.999993,0.999998,1,1,1,1,1,1,1.00129,-0.54731,-1,-1,-1,-1,-1,-1,-1,-1,-1,-1,-1,-1,-1,-1,-1,-1,-1,-1,-1,-1,-1,-0.25,0,0,0,0,0,0,0,0,0,0,0,0,0,0,0,0,0,0,0,0,0,0,0,0,0.21935
0,0,0,0,0,0,0,0,0,0,0,0,0,0,0,0,0,0,0,0,0,0,0,0,0.0564294,0.123883,0.196838,0.273444,0.352736,0.434073,0.516982,0.601053,0.685797,0.770153,0.850694,0.918404,0.962879,0.985324,0.994793,0.998317,0.999499,0.999861,0.999964,0.999991,0.999998,1,1,1,1,1,1,1.00102,-0.472131,-1,-1,-1,-1,-1,-1,-1,-1,-1,-1,-1,-1,-1,-1,-1,-1,-1,-1,-1,-1,-1,-0.25,0,0,0,0,0,0,0,0,0,0,0,0,0,0,0,0,0,0,0,0,0,0,0,0,0.222377
0,0,0,0,0,0,0,0,0,0,0,0,0,0,0,0,0,0,0,0,0,0,0,0,0.055866,0.122564,0.194632,0.270258,0.348507,0.428755,0.510544,0.593485,0.677131,0.760592,0.84104,0.91052,0.958155,0.983099,0.993889,0.99799,0.999391,0.999829,0.999955,0.999989,0.999997,0.999999,1,1,1,1,1,1.0008,-0.39699,-1,-1,-1,-1,-1,-1,-1,-1,-1,-1,-1,-1,-1,-1,-1,-1,-1,-1,-1,-1,-1,-0.25,0,0,0,0,0,0,0,0,0,0,0,0,0,0,0,0,0,0,0,0,0,0,0,0,0.225405
0,0,0,0,0,0,0,0,0,0,0,0,0,0,0,0,0,0,0,0,0,0,0,0,0.0553138,0.121275,0.192477,0.26715,0.344383,0.423571,0.504271,0.586109,0.668677,0.751219,0.831411,0.902333,0.953017,0.980604,0.992853,0.997607,0.999263,0.99979,0.999944,0.999986,0.999997,0.999999,1,1,1,1,1,1.00063,-0.32188,-1,-1,-1,-1,-1,-1,-1,-1,-1,-1,-1,-1,-1,-1,-1,-1,-1,-1,-1,-1,-1,-0.25,0,0,0,0,0,0,0,0,0,0,0,0,0,0,0,0,0,0,0,0,0,0,0,0,0.228433
0,0,0,0,0,0,0,0,0,0,0,0,0,0,0,0,0,0,0,0,0,0,0,0,0.0547725,0.120013,0.190372,0.264117,0.34036,0.418517,0.498156,0.578918,0.660429,0.74204,0.82184,0.893893,0.947461,0.977816,0.991669,0.997161,0.999112,0.999742,0.99993,0.999982,0.999996,0.999999,1,1,1,1,1,1.0005,-0.246792,-1,-1,-1,-1,-1,-1,-1,-1,-1,-1,-1,-1,-1,-1,-1,-1,-1,-1,-1,-1,-1,-0.25,0,0,0,0,0,0,0,0,0,0,0,0,0,0,0,0,0,0,0,0,0,0,0,0,0.231462
0,0,0,0,0,0,0,0,0,0,0,0,0,0,0,0,0,0,0,0,0,0,0,0,0.0542419,0.118778,0.188316,0.261155,0.336435,0.413587,0.492193,0.571908,0.652382,0.733056,0.812358,0.885249,0.941494,0.974714,0.990321,0.996643,0.998932,0.999685,0.999913,0.999978,0.999995,0.999999,1,1,1,1,1,1.00039,-0.171724,-1,-1,-1,-1,-1,-1,-1,-1,-1,-1,-1,-1,-1,-1,-1,-1,-1,-1,-1,-1,-1,-0.25,0,0,0,0,0,0,0,0,0,0,0,0,0,0,0,0,0,0,0,0,0,0,0,0,0.234491
0,0,0,0,0,0,0,0,0,0,0,0,0,0,0,0,0,0,0,0,0,0,0,0,0.0537215,0.11757,0.186305,0.258262,0.332604,0.408778,0.486377,0.56507,0.64453,0.724268,0.802987,0.876451,0.935129,0.97128,0.988791,0.996043,0.99872,0.999617,0.999893,0.999972,0.999993,0.999998,1,1,1,1,1,1.00031,-0.0966697,-1,-1,-1,-1,-1,-1,-1,-1,-1,-1,-1,-1,-1,-1,-1,-1,-1,-1,-1,-1,-1,-0.25,0,0,0,0,0,0,0,0,0,0,0,0,0,0,0,0,0,0,0,0,0,0,0,0,0.23752
0,0,0,0,0,0,0,0,0,0,0,0,0,0,0,0,0,0,0,0,0,0,0,0,0.0532111,0.116387,0.184339,0.255437,0.328864,0.404085,0.480703,0.5584,0.636867,0.715673,0.793745,0.867549,0.928388,0.967494,0.987062,0.995352,0.998471,0.999535,0.999868,0.999965,0.999991,0.999998,1,1,1,1,1,1.00024,-0.0216272,-1,-1,-1,-1,-1,-1,-1,-1,-1,-1,-1,-1,-1,-1,-1,-1,-1,-1,-1,-1,-1,-0.25,0,0,0,0,0,0,0,0,0,0,0,0,0,0,0,0,0,0,0,0,0,0,0,0,0.24055
0,0,0,0,0,0,0,0,0,0,0,0,0,0,0,0,0,0,0,0,0,0,0,0,0.0527105,0.115229,0.182417,0.252676,0.325212,0.399503,0.475165,0.55189,0.629387,0.70727,0.784646,0.858587,0.9213,0.963341,0.985115,0.994557,0.99818,0.999438,0.999838,0.999956,0.999989,0.999997,0.999999,1,1,1,1,1.00019,0.0534062,-1,-1,-1,-1,-1,-1,-1,-1,-1,-1,-1,-1,-1,-1,-1,-1,-1,-1,-1,-1,-1,-0.25,0,0,0,0,0,0,0,0,0,0,0,0,0,0,0,0,0,0,0,0,0,0,0,0,0.243579
0,0,0,0,0,0,0,0,0,0,0,0,0,0,0,0,0,0,0,0,0,0,0,0,0.0522194,0.114094,0.180536,0.249977,0.321644,0.395029,0.469759,0.545536,0.622084,0.699055,0.775701,0.849605,0.913899,0.958811,0.98293,0.993645,0.99784,0.999322,0.999802,0.999946,0.999986,0.999997,0.999999,1,1,1,1,1.00015,0.128433,-1,-1,-1,-1,-1,-1,-1,-1,-1,-1,-1,-1,-1,-1,-1,-1,-1,-1,-1,-1,-1,-0.25,0,0,0,0,0,0,0,0,0,0,0,0,0,0,0,0,0,0,0,0,0,0,0,0,0.246609
0,0,0,0,0,0,0,0,0,0,0,0,0,0,0,0,0,0,0,0,0,0,0,0,0.0517374,0.112983,0.178696,0.247339,0.318158,0.390659,0.46448,0.539332,0.614952,0.691024,0.766916,0.840639,0.906226,0.953897,0.980486,0.992605,0.997444,0.999186,0.999759,0.999933,0.999983,0.999996,0.999999,1,1,1,1,1.00012,0.203453,-1,-1,-1,-1,-1,-1,-1,-1,-1,-1,-1,-1,-1,-1,-1,-1,-1,-1,-1,-1,-1,-0.25,0,0,0,0,0,0,0,0,0,0,0,0,0,0,0,0,0,0,0,0,0,0,0,0,0.249639
0,0,0,0,0,0,0,0,0,0,0,0,0,0,0,0,0,0,0,0,0,0,0,0,0.0512644,0.111894,0.176895,0.244758,0.31475,0.386389,0.459323,0.533273,0.607986,0.683173,0.758296,0.83172,0.898325,0.948599,0.977766,0.991421,0.996986,0.999025,0.999707,0.999917,0.999978,0.999995,0.999999,1,1,1,1,1.00009,0.27847,-1,-1,-1,-1,-1,-1,-1,-1,-1,-1,-1,-1,-1,-1,-1,-1,-1,-1,-1,-1,-1,-0.25,0,0,0,0,0,0,0,0,0,0,0,0,0,0,0,0,0,0,0,0,0,0,0,0,0.252669
0,0,0,0,0,0,0,0,0,0,0,0,0,0,0,0,0,0,0,0,0,0,0,0,0.0508,0.110826,0.175132,0.242234,0.311418,0.382216,0.454285,0.527353,0.60118,0.675498,0.749843,0.822872,0.89024,0.942923,0.974749,0.990077,0.996455,0.998835,0.999644,0.999898,0.999973,0.999993,0.999998,1,1,1,1,1.00007,0.353482,-1,-1,-1,-1,-1,-1,-1,-1,-1,-1,-1,-1,-1,-1,-1,-1,-1,-1,-1,-1,-1,-0.25,0,0,0,0,0,0,0,0,0,0,0,0,0,0,0,0,0,0,0,0,0,0,0,0,0.255699
0,0,0,0,0,0,0,0,0,0,0,0,0,0,0,0,0,0,0,0,0,0,0,0,0.0503442,0.10978,0.173406,0.239764,0.30816,0.378137,0.449361,0.521569,0.594529,0.667993,0.741558,0.814116,0.882016,0.936883,0.971417,0.988559,0.995844,0.998613,0.99957,0.999876,0.999966,0.999991,0.999998,1,1,1,1,1.00006,0.428493,-1,-1,-1,-1,-1,-1,-1,-1,-1,-1,-1,-1,-1,-1,-1,-1,-1,-1,-1,-1,-1,-0.25,0,0,0,0,0,0,0,0,0,0,0,0,0,0,0,0,0,0,0,0,0,0,0,0,0.258729
0,0,0,0,0,0,0,0,0,0,0,0,0,0,0,0,0,0,0,0,0,0,0,0,0.0498965,0.108754,0.171715,0.237347,0.304973,0.374148,0.444547,0.515915,0.588028,0.660654,0.73344,0.805469,0.873696,0.930501,0.967754,0.986848,0.995142,0.998353,0.999482,0.999848,0.999958,0.999989,0.999997,0.999999,1,1,1,1.00005,0.5035,-1,-1,-1,-1,-1,-1,-1,-1,-1,-1,-1,-1,-1,-1,-1,-1,-1,-1,-1,-1,-1,-0.25,0,0,0,0,0,0,0,0,0,0,0,0,0,0,0,0,0,0,0,0,0,0,0,0,0.261759
0,0,0,0,0,0,0,0,0,0,0,0,0,0,0,0,0,0,0,0,0,0,0,0,0.0494568,0.107748,0.170058,0.234981,0.301854,0.370246,0.43984,0.510387,0.581672,0.653476,0.725487,0.796943,0.865318,0.923803,0.963748,0.984927,0.994339,0.99805,0.999378,0.999815,0.999948,0.999986,0.999997,0.999999,1,1,1,1.00004,0.578507,-1,-1,-1,-1,-1,-1,-1,-1,-1,-1,-1,-1,-1,-1,-1,-1,-1,-1,-1,-1,-1,-0.25,0,0,0,0,0,0,0,0,0,0,0,0,0,0,0,0,0,0,0,0,0,0,0,0,0.26479
0,0,0,0,0,0,0,0,0,0,0,0,0,0,0,0,0,0,0,0,0,0,0,0,0.049025,0.106761,0.168435,0.232664,0.298802,0.366429,0.435236,0.50498,0.575456,0.646455,0.717697,0.788547,0.856919,0.916821,0.959389,0.982779,0.993422,0.997699,0.999255,0.999775,0.999936,0.999983,0.999996,0.999999,1,1,1,1.00003,0.653512,-1,-1,-1,-1,-1,-1,-1,-1,-1,-1,-1,-1,-1,-1,-1,-1,-1,-1,-1,-1,-1,-0.25,0,0,0,0,0,0,0,0,0,0,0,0,0,0,0,0,0,0,0,0,0,0,0,0,0.26782
0,0,0,0,0,0,0,0,0,0,0,0,0,0,0,0,0,0,0,0,0,0,0,0,0.0486007,0.105792,0.166844,0.230394,0.295814,0.362694,0.430732,0.499692,0.569375,0.639585,0.710068,0.780289,0.848531,0.909594,0.954673,0.980384,0.992378,0.997292,0.99911,0.999727,0.999922,0.999979,0.999995,0.999999,1,1,1,1.00002,0.728516,-1,-1,-1,-1,-1,-1,-1,-1,-1,-1,-1,-1,-1,-1,-1,-1,-1,-1,-1,-1,-1,-0.25,0,0,0,0,0,0,0,0,0,0,0,0,0,0,0,0,0,0,0,0,0,0,0,0,0.27085
0,0,0,0,0,0,0,0,0,0,0,0,0,0,0,0,0,0,0,0,0,0,0,0,0.0481838,0.104842,0.165284,0.228171,0.292888,0.359037,0.426323,0.494517,0.563426,0.632863,0.702596,0.772171,0.840178,0.90216,0.949602,0.977724,0.991195,0.996822,0.99894,0.999671,0.999904,0.999974,0.999993,0.999998,1,1,1,1.00002,0.803519,-1,-1,-1,-1,-1,-1,-1,-1,-1,-1,-1,-1,-1,-1,-1,-1,-1,-1,-1,-1,-1,-0.25,0,0,0,0,0,0,0,0,0,0,0,0,0,0,0,0,0,0,0,0,0,0,0,0,0.27388
0,0,0,0,0,0,0,0,0,0,0,0,0,0,0,0,0,0,0,0,0,0,0,0,0.0477741,0.103909,0.163755,0.225992,0.290023,0.355457,0.422009,0.489453,0.557604,0.626284,0.695278,0.764198,0.831885,0.894559,0.944181,0.974782,0.989857,0.99628,0.998742,0.999604,0.999883,0.999967,0.999991,0.999998,1,1,1,1.00001,0.878521,-1,-1,-1,-1,-1,-1,-1,-1,-1,-1,-1,-1,-1,-1,-1,-1,-1,-1,-1,-1,-1,-0.25,0,0,0,0,0,0,0,0,0,0,0,0,0,0,0,0,0,0,0,0,0,0,0,0,0.27691
0,0,0,0,0,0,0,0,0,0,0,0,0,0,0,0,0,0,0,0,0,0,0,0,0.0473714,0.102994,0.162255,0.223857,0.287216,0.351951,0.417784,0.484496,0.551905,0.619842,0.68811,0.75637,0.82367,0.886832,0.938427,0.971542,0.988349,0.995659,0.99851,0.999524,0.999858,0.99996,0.999989,0.999997,0.999999,1,1,1.00001,0.953523,-1,-1,-1,-1,-1,-1,-1,-1,-1,-1,-1,-1,-1,-1,-1,-1,-1,-1,-1,-1,-1,-0.25,0,0,0,0,0,0,0,0,0,0,0,0,0,0,0,0,0,0,0,0,0,0,0,0,0.279941
0,0,0,0,0,0,0,0,0,0,0,0,0,0,0,0,0,0,0,0,0,0,0,0,0.0469755,0.102095,0.160783,0.221764,0.284465,0.348517,0.413647,0.479642,0.546326,0.613536,0.681087,0.748687,0.815546,0.879016,0.932357,0.96799,0.986656,0.994949,0.99824,0.99943,0.999827,0.999951,0.999987,0.999997,0.999999,1,1,1.00001,1.02852,-1,-1,-1,-1,-1,-1,-1,-1,-1,-1,-1,-1,-1,-1,-1,-1,-1,-1,-1,-1,-1,-0.25,0,0,0,0,0,0,0,0,0,0,0,0,0,0,0,0,0,0,0,0,0,0,0,0,0.282915
0,0,0,0,0,0,0,0,0,0,0,0,0,0,0,0,0,0,0,0,0,0,0,0,0.046597,0.101236,0.15938,0.219768,0.281844,0.345245,0.409706,0.475019,0.541012,0.60753,0.674398,0.741356,0.807748,0.871364,0.926178,0.964224,0.984814,0.994161,0.997936,0.999322,0.999792,0.99994,0.999984,0.999996,0.999999,1,1,1.00001,1.0225,-0.921056,-1,-1,-1,-1,-1,-1,-1,-1,-1,-1,-1,-1,-1,-1,-1,-1,-1,-1,-1,-1,-0.25,0,0,0,0,0,0,0,0,0,0,0,0,0,0,0,0,0,0,0,0,0,0,0,0,0.285873
0,0,0,0,0,0,0,0,0,0,0,0,0,0,0,0,0,0,0,0,0,0,0,0,0.0462224,0.100388,0.157993,0.217798,0.279257,0.342018,0.40582,0.470461,0.535775,0.601608,0.667801,0.734118,0.800011,0.863647,0.919716,0.96012,0.982752,0.993263,0.997584,0.999196,0.99975,0.999927,0.99998,0.999995,0.999999,1,1,1.00001,1.01774,-0.842943,-1,-1,-1,-1,-1,-1,-1,-1,-1,-1,-1,-1,-1,-1,-1,-1,-1,-1,-1,-1,-0.25,0,0,0,0,0,0,0,0,0,0,0,0,0,0,0,0,0,0,0,0,0,0,0,0,0.288846
0,0,0,0,0,0,0,0,0,0,0,0,0,0,0,0,0,0,0,0,0,0,0,0,0.0458522,0.0995501,0.156625,0.215856,0.276709,0.338839,0.401993,0.465973,0.530617,0.595778,0.661303,0.726981,0.792351,0.855898,0.913007,0.955676,0.980454,0.992242,0.997176,0.999047,0.9997,0.999911,0.999975,0.999993,0.999998,1,1,1,1.01398,-0.765488,-1,-1,-1,-1,-1,-1,-1,-1,-1,-1,-1,-1,-1,-1,-1,-1,-1,-1,-1,-1,-0.25,0,0,0,0,0,0,0,0,0,0,0,0,0,0,0,0,0,0,0,0,0,0,0,0,0.291831
0,0,0,0,0,0,0,0,0,0,0,0,0,0,0,0,0,0,0,0,0,0,0,0,0.0454866,0.0987236,0.155277,0.213943,0.274199,0.33571,0.398227,0.461557,0.525542,0.590041,0.654908,0.719952,0.784781,0.848149,0.906089,0.950894,0.977903,0.991086,0.996707,0.998874,0.99964,0.999892,0.999969,0.999992,0.999998,0.999999,1,1,1.01101,-0.688553,-1,-1,-1,-1,-1,-1,-1,-1,-1,-1,-1,-1,-1,-1,-1,-1,-1,-1,-1,-1,-0.25,0,0,0,0,0,0,0,0,0,0,0,0,0,0,0,0,0,0,0,0,0,0,0,0,0.294825
0,0,0,0,0,0,0,0,0,0,0,0,0,0,0,0,0,0,0,0,0,0,0,0,0.0451258,0.0979088,0.153949,0.21206,0.271729,0.332631,0.394522,0.457214,0.520552,0.5844,0.64862,0.713035,0.777312,0.840423,0.899,0.945782,0.975083,0.989781,0.996168,0.998671,0.99957,0.999869,0.999962,0.99999,0.999997,0.999999,1,1,1.00867,-0.612028,-1,-1,-1,-1,-1,-1,-1,-1,-1,-1,-1,-1,-1,-1,-1,-1,-1,-1,-1,-1,-0.25,0,0,0,0,0,0,0,0,0,0,0,0,0,0,0,0,0,0,0,0,0,0,0,0,0.297827
0,0,0,0,0,0,0,0,0,0,0,0,0,0,0,0,0,0,0,0,0,0,0,0,0.0447699,0.0971059,0.152642,0.210207,0.2693,0.329604,0.390881,0.452945,0.515648,0.578856,0.642438,0.706232,0.769949,0.832744,0.891779,0.940354,0.971979,0.988312,0.995551,0.998436,0.999487,0.999842,0.999954,0.999987,0.999997,0.999999,1,1,1.00682,-0.535827,-1,-1,-1,-1,-1,-1,-1,-1,-1,-1,-1,-1,-1,-1,-1,-1,-1,-1,-1,-1,-0.25,0,0,0,0,0,0,0,0,0,0,0,0,0,0,0,0,0,0,0,0,0,0,0,0,0.300835
0,0,0,0,0,0,0,0,0,0,0,0,0,0,0,0,0,0,0,0,0,0,0,0,0.044419,0.0963151,0.151355,0.208384,0.266912,0.326629,0.387302,0.448751,0.51083,0.57341,0.636365,0.699545,0.762698,0.825127,0.884462,0.934629,0.968579,0.986664,0.994847,0.998163,0.99939,0.99981,0.999944,0.999984,0.999996,0.999999,1,1,1.00537,-0.459881,-1,-1,-1,-1,-1,-1,-1,-1,-1,-1,-1,-1,-1,-1,-1,-1,-1,-1,-1,-1,-0.25,0,0,0,0,0,0,0,0,0,0,0,0,0,0,0,0,0,0,0,0,0,0,0,0,0.303847
0,0,0,0,0,0,0,0,0,0,0,0,0,0,0,0,0,0,0,0,0,0,0,0,0.0440732,0.0955364,0.150089,0.206591,0.264565,0.323705,0.383786,0.444631,0.506097,0.56806,0.630399,0.692974,0.755562,0.817587,0.877082,0.928631,0.964873,0.984823,0.994045,0.997847,0.999275,0.999771,0.999932,0.999981,0.999995,0.999999,0.999999,1,1.00423,-0.384137,-1,-1,-1,-1,-1,-1,-1,-1,-1,-1,-1,-1,-1,-1,-1,-1,-1,-1,-1,-1,-0.25,0,0,0,0,0,0,0,0,0,0,0,0,0,0,0,0,0,0,0,0,0,0,0,0,0.306864
0,0,0,0,0,0,0,0,0,0,0,0,0,0,0,0,0,0,0,0,0,0,0,0,0.0437323,0.0947698,0.148843,0.204829,0.262257,0.320832,0.380332,0.440584,0.50145,0.562807,0.62454,0.686517,0.748542,0.810135,0.869669,0.92239,0.960854,0.982771,0.993136,0.997482,0.999142,0.999726,0.999917,0.999976,0.999994,0.999998,0.999999,1,1.00333,-0.308551,-1,-1,-1,-1,-1,-1,-1,-1,-1,-1,-1,-1,-1,-1,-1,-1,-1,-1,-1,-1,-0.25,0,0,0,0,0,0,0,0,0,0,0,0,0,0,0,0,0,0,0,0,0,0,0,0,0.309883
0,0,0,0,0,0,0,0,0,0,0,0,0,0,0,0,0,0,0,0,0,0,0,0,0.0433965,0.0940151,0.147618,0.203096,0.25999,0.318009,0.376939,0.43661,0.496885,0.557648,0.618786,0.680175,0.74164,0.802777,0.86225,0.915937,0.956521,0.980494,0.992106,0.997064,0.998985,0.999672,0.9999,0.999971,0.999992,0.999998,0.999999,1,1.00262,-0.23309,-1,-1,-1,-1,-1,-1,-1,-1,-1,-1,-1,-1,-1,-1,-1,-1,-1,-1,-1,-1,-0.25,0,0,0,0,0,0,0,0,0,0,0,0,0,0,0,0,0,0,0,0,0,0,0,0,0.312905
0,0,0,0,0,0,0,0,0,0,0,0,0,0,0,0,0,0,0,0,0,0,0,0,0.0430656,0.0932721,0.146413,0.201392,0.257761,0.315236,0.373607,0.432707,0.492403,0.552582,0.613135,0.673946,0.734854,0.795521,0.854848,0.909305,0.951877,0.977975,0.990945,0.996583,0.998804,0.999608,0.999879,0.999965,0.99999,0.999997,0.999999,1,1.00206,-0.157728,-1,-1,-1,-1,-1,-1,-1,-1,-1,-1,-1,-1,-1,-1,-1,-1,-1,-1,-1,-1,-0.25,0,0,0,0,0,0,0,0,0,0,0,0,0,0,0,0,0,0,0,0,0,0,0,0,0.315928
0,0,0,0,0,0,0,0,0,0,0,0,0,0,0,0,0,0,0,0,0,0,0,0,0.0427396,0.0925408,0.145227,0.199717,0.255571,0.312512,0.370333,0.428873,0.488001,0.547607,0.607586,0.667827,0.728185,0.788371,0.847483,0.902528,0.946929,0.9752,0.989639,0.996034,0.998593,0.999533,0.999854,0.999957,0.999988,0.999997,0.999999,1,1.00162,-0.0824423,-1,-1,-1,-1,-1,-1,-1,-1,-1,-1,-1,-1,-1,-1,-1,-1,-1,-1,-1,-1,-0.25,0,0,0,0,0,0,0,0,0,0,0,0,0,0,0,0,0,0,0,0,0,0,0,0,0.318953
0,0,0,0,0,0,0,0,0,0,0,0,0,0,0,0,0,0,0,0,0,0,0,0,0.0424183,0.0918209,0.144061,0.198071,0.253418,0.309835,0.367117,0.425107,0.483678,0.542721,0.602136,0.661817,0.721631,0.781328,0.84017,0.89564,0.941692,0.972156,0.988174,0.995407,0.998348,0.999445,0.999825,0.999948,0.999985,0.999996,0.999999,1,1.00127,-0.00721782,-1,-1,-1,-1,-1,-1,-1,-1,-1,-1,-1,-1,-1,-1,-1,-1,-1,-1,-1,-1,-0.25,0,0,0,0,0,0,0,0,0,0,0,0,0,0,0,0,0,0,0,0,0,0,0,0,0.321979
0,0,0,0,0,0,0,0,0,0,0,0,0,0,0,0,0,0,0,0,0,0,0,0,0.0421019,0.0911122,0.142914,0.196451,0.251303,0.307204,0.363958,0.421409,0.479433,0.537923,0.596784,0.655914,0.71519,0.774395,0.832922,0.888672,0.936184,0.968831,0.986536,0.994694,0.998066,0.999342,0.99979,0.999936,0.999982,0.999995,0.999998,1,1.001,0.0679587,-1,-1,-1,-1,-1,-1,-1,-1,-1,-1,-1,-1,-1,-1,-1,-1,-1,-1,-1,-1,-0.25,0,0,0,0,0,0,0,0,0,0,0,0,0,0,0,0,0,0,0,0,0,0,0,0,0.325006
0,0,0,0,0,0,0,0,0,0,0,0,0,0,0,0,0,0,0,0,0,0,0,0,0.04179,0.0904146,0.141785,0.194859,0.249223,0.304619,0.360854,0.417776,0.475262,0.533211,0.591527,0.650116,0.70886,0.767572,0.825749,0.881653,0.930429,0.965217,0.98471,0.993885,0.997741,0.999222,0.999748,0.999923,0.999978,0.999994,0.999998,1,1.00079,0.143098,-1,-1,-1,-1,-1,-1,-1,-1,-1,-1,-1,-1,-1,-1,-1,-1,-1,-1,-1,-1,-0.25,0,0,0,0,0,0,0,0,0,0,0,0,0,0,0,0,0,0,0,0,0,0,0,0,0.328034
0,0,0,0,0,0,0,0,0,0,0,0,0,0,0,0,0,0,0,0,0,0,0,0,0.0414828,0.0897276,0.140674,0.193293,0.247179,0.302079,0.357804,0.414206,0.471165,0.528582,0.586364,0.644419,0.70264,0.760859,0.81866,0.874608,0.924452,0.961309,0.982682,0.99297,0.997367,0.999082,0.999699,0.999907,0.999973,0.999993,0.999998,0.999999,1.00062,0.218207,-1,-1,-1,-1,-1,-1,-1,-1,-1,-1,-1,-1,-1,-1,-1,-1,-1,-1,-1,-1,-0.25,0,0,0,0,0,0,0,0,0,0,0,0,0,0,0,0,0,0,0,0,0,0,0,0,0.331062
0,0,0,0,0,0,0,0,0,0,0,0,0,0,0,0,0,0,0,0,0,0,0,0,0.04118,0.0890513,0.139582,0.191754,0.245169,0.299581,0.354806,0.410698,0.46714,0.524034,0.581291,0.638822,0.696527,0.754256,0.81166,0.867562,0.918285,0.957106,0.980436,0.991938,0.996939,0.998919,0.999642,0.999888,0.999967,0.999991,0.999997,0.999999,1.00049,0.293293,-1,-1,-1,-1,-1,-1,-1,-1,-1,-1,-1,-1,-1,-1,-1,-1,-1,-1,-1,-1,-0.25,0,0,0,0,0,0,0,0,0,0,0,0,0,0,0,0,0,0,0,0,0,0,0,0,0.334091
0,0,0,0,0,0,0,0,0,0,0,0,0,0,0,0,0,0,0,0,0,0,0,0,0.0408816,0.0883853,0.138506,0.190239,0.243192,0.297127,0.351861,0.407252,0.463185,0.519565,0.576306,0.633323,0.69052,0.747761,0.804754,0.860534,0.911956,0.952611,0.977958,0.990776,0.99645,0.99873,0.999574,0.999865,0.999959,0.999989,0.999996,0.999999,1.00038,0.36836,-1,-1,-1,-1,-1,-1,-1,-1,-1,-1,-1,-1,-1,-1,-1,-1,-1,-1,-1,-1,-0.25,0,0,0,0,0,0,0,0,0,0,0,0,0,0,0,0,0,0,0,0,0,0,0,0,0.33712
0,0,0,0,0,0,0,0,0,0,0,0,0,0,0,0,0,0,0,0,0,0,0,0,0.0405876,0.0877293,0.137448,0.188749,0.241249,0.294713,0.348965,0.403864,0.459299,0.515175,0.571409,0.627919,0.684615,0.741373,0.797945,0.85354,0.905497,0.947835,0.975235,0.989474,0.995892,0.998511,0.999495,0.999838,0.999951,0.999986,0.999996,0.999999,1.0003,0.443414,-1,-1,-1,-1,-1,-1,-1,-1,-1,-1,-1,-1,-1,-1,-1,-1,-1,-1,-1,-1,-0.25,0,0,0,0,0,0,0,0,0,0,0,0,0,0,0,0,0,0,0,0,0,0,0,0,0.340149
0,0,0,0,0,0,0,0,0,0,0,0,0,0,0,0,0,0,0,0,0,0,0,0,0.0402977,0.0870833,0.136406,0.187283,0.239337,0.29234,0.346118,0.400534,0.455479,0.510859,0.566595,0.622608,0.67881,0.73509,0.791234,0.846595,0.898939,0.942789,0.972254,0.988016,0.995258,0.998259,0.999402,0.999806,0.99994,0.999983,0.999995,0.999998,1.00024,0.518455,-1,-1,-1,-1,-1,-1,-1,-1,-1,-1,-1,-1,-1,-1,-1,-1,-1,-1,-1,-1,-0.25,0,0,0,0,0,0,0,0,0,0,0,0,0,0,0,0,0,0,0,0,0,0,0,0,0.343179
0,0,0,0,0,0,0,0,0,0,0,0,0,0,0,0,0,0,0,0,0,0,0,0,0.040012,0.0864469,0.13538,0.18584,0.237457,0.290006,0.343319,0.397261,0.451723,0.506618,0.561864,0.617387,0.673104,0.72891,0.784623,0.839709,0.892309,0.937494,0.969005,0.98639,0.994538,0.997969,0.999294,0.999769,0.999928,0.999979,0.999994,0.999998,1.00019,0.593488,-1,-1,-1,-1,-1,-1,-1,-1,-1,-1,-1,-1,-1,-1,-1,-1,-1,-1,-1,-1,-0.25,0,0,0,0,0,0,0,0,0,0,0,0,0,0,0,0,0,0,0,0,0,0,0,0,0.346209
0,0,0,0,0,0,0,0,0,0,0,0,0,0,0,0,0,0,0,0,0,0,0,0,0.0397303,0.08582,0.13437,0.18442,0.235607,0.287711,0.340566,0.394042,0.448032,0.502448,0.557213,0.612255,0.667493,0.722832,0.778111,0.832891,0.885633,0.93197,0.965482,0.984582,0.993724,0.997635,0.999168,0.999725,0.999913,0.999975,0.999993,0.999997,1.00015,0.668514,-1,-1,-1,-1,-1,-1,-1,-1,-1,-1,-1,-1,-1,-1,-1,-1,-1,-1,-1,-1,-0.25,0,0,0,0,0,0,0,0,0,0,0,0,0,0,0,0,0,0,0,0,0,0,0,0,0.349238
0,0,0,0,0,0,0,0,0,0,0,0,0,0,0,0,0,0,0,0,0,0,0,0,0.0394526,0.0852024,0.133376,0.183023,0.233787,0.285453,0.337859,0.390877,0.444402,0.498348,0.552641,0.607209,0.661977,0.716854,0.771699,0.826149,0.878936,0.926243,0.96168,0.982578,0.992805,0.997253,0.999022,0.999672,0.999896,0.999969,0.999991,0.999996,1.00011,0.743535,-1,-1,-1,-1,-1,-1,-1,-1,-1,-1,-1,-1,-1,-1,-1,-1,-1,-1,-1,-1,-0.25,0,0,0,0,0,0,0,0,0,0,0,0,0,0,0,0,0,0,0,0,0,0,0,0,0.352268
0,0,0,0,0,0,0,0,0,0,0,0,0,0,0,0,0,0,0,0,0,0,0,0,0.0391788,0.0845937,0.132397,0.181647,0.231996,0.283232,0.335196,0.387764,0.440832,0.494317,0.548145,0.602247,0.656552,0.710974,0.765386,0.819487,0.872237,0.920342,0.9576,0.980363,0.991771,0.996817,0.998852,0.999611,0.999875,0.999963,0.999989,0.999996,1.00009,0.818551,-1,-1,-1,-1,-1,-1,-1,-1,-1,-1,-1,-1,-1,-1,-1,-1,-1,-1,-1,-1,-0.25,0,0,0,0,0,0,0,0,0,0,0,0,0,0,0,0,0,0,0,0,0,0,0,0,0.355298
0,0,0,0,0,0,0,0,0,0,0,0,0,0,0,0,0,0,0,0,0,0,0,0,0.0389087,0.083994,0.131432,0.180293,0.230233,0.281046,0.332577,0.384702,0.437321,0.490352,0.543723,0.597367,0.651216,0.705188,0.759171,0.81291,0.865554,0.914293,0.953246,0.977925,0.990611,0.99632,0.998657,0.99954,0.99985,0.999955,0.999987,0.999995,1.00007,0.893564,-1,-1,-1,-1,-1,-1,-1,-1,-1,-1,-1,-1,-1,-1,-1,-1,-1,-1,-1,-1,-0.25,0,0,0,0,0,0,0,0,0,0,0,0,0,0,0,0,0,0,0,0,0,0,0,0,0.358329
0,0,0,0,0,0,0,0,0,0,0,0,0,0,0,0,0,0,0,0,0,0,0,0,0.0386424,0.0834029,0.130482,0.17896,0.228498,0.278895,0.329999,0.381689,0.433867,0.486452,0.539374,0.592568,0.645967,0.699497,0.753052,0.80642,0.858902,0.908127,0.948628,0.97525,0.989312,0.995755,0.998431,0.999456,0.999821,0.999945,0.999984,0.999994,1.00005,0.968574,-1,-1,-1,-1,-1,-1,-1,-1,-1,-1,-1,-1,-1,-1,-1,-1,-1,-1,-1,-1,-0.25,0,0,0,0,0,0,0,0,0,0,0,0,0,0,0,0,0,0,0,0,0,0,0,0,0.361359
0,0,0,0,0,0,0,0,0,0,0,0,0,0,0,0,0,0,0,0,0,0,0,0,0.0383798,0.0828202,0.129547,0.177647,0.22679,0.276778,0.327463,0.378725,0.430469,0.482616,0.535096,0.587847,0.640804,0.693897,0.747029,0.800018,0.852294,0.901869,0.943759,0.972328,0.987862,0.995113,0.998172,0.999359,0.999787,0.999934,0.999981,0.999992,1.00004,1.04358,-1,-1,-1,-1,-1,-1,-1,-1,-1,-1,-1,-1,-1,-1,-1,-1,-1,-1,-1,-1,-0.25,0,0,0,0,0,0,0,0,0,0,0,0,0,0,0,0,0,0,0,0,0,0,0,0,0.364305
0,0,0,0,0,0,0,0,0,0,0,0,0,0,0,0,0,0,0,0,0,0,0,0,0.0381315,0.0822697,0.128663,0.176407,0.225178,0.274781,0.32507,0.37593,0.427265,0.478998,0.531062,0.583395,0.635935,0.688615,0.741346,0.793968,0.846013,0.895811,0.938873,0.969286,0.986317,0.994419,0.997887,0.999251,0.999749,0.999921,0.999977,0.99999,1.00003,1.03445,-0.918988,-1,-1,-1,-1,-1,-1,-1,-1,-1,-1,-1,-1,-1,-1,-1,-1,-1,-1,-1,-0.25,0,0,0,0,0,0,0,0,0,0,0,0,0,0,0,0,0,0,0,0,0,0,0,0,0.367225
0,0,0,0,0,0,0,0,0,0,0,0,0,0,0,0,0,0,0,0,0,0,0,0,0.0378842,0.0817219,0.127784,0.175175,0.223575,0.272796,0.322693,0.373153,0.424082,0.475405,0.527055,0.578973,0.631099,0.683368,0.735698,0.787949,0.839733,0.889661,0.933747,0.965973,0.984594,0.993632,0.997559,0.999125,0.999704,0.999906,0.999972,0.999988,1.00003,1.0272,-0.839231,-1,-1,-1,-1,-1,-1,-1,-1,-1,-1,-1,-1,-1,-1,-1,-1,-1,-1,-1,-0.25,0,0,0,0,0,0,0,0,0,0,0,0,0,0,0,0,0,0,0,0,0,0,0,0,0.370169
0,0,0,0,0,0,0,0,0,0,0,0,0,0,0,0,0,0,0,0,0,0,0,0,0.0376385,0.0811777,0.126911,0.173952,0.221986,0.270827,0.320335,0.370399,0.420926,0.471842,0.523082,0.574589,0.626304,0.678165,0.730096,0.781972,0.833472,0.883448,0.928408,0.962388,0.982679,0.992743,0.997184,0.998979,0.99965,0.999887,0.999967,0.999986,1.00002,1.02146,-0.760473,-1,-1,-1,-1,-1,-1,-1,-1,-1,-1,-1,-1,-1,-1,-1,-1,-1,-1,-1,-0.25,0,0,0,0,0,0,0,0,0,0,0,0,0,0,0,0,0,0,0,0,0,0,0,0,0.37313
0,0,0,0,0,0,0,0,0,0,0,0,0,0,0,0,0,0,0,0,0,0,0,0,0.0373946,0.0806379,0.126046,0.17274,0.220411,0.268876,0.318,0.367671,0.4178,0.468314,0.519148,0.570248,0.621556,0.673013,0.724546,0.776047,0.827245,0.877197,0.922883,0.958531,0.980561,0.991741,0.996755,0.99881,0.999588,0.999866,0.99996,0.999983,1.00001,1.01692,-0.682506,-1,-1,-1,-1,-1,-1,-1,-1,-1,-1,-1,-1,-1,-1,-1,-1,-1,-1,-1,-0.25,0,0,0,0,0,0,0,0,0,0,0,0,0,0,0,0,0,0,0,0,0,0,0,0,0.376105
0,0,0,0,0,0,0,0,0,0,0,0,0,0,0,0,0,0,0,0,0,0,0,0,0.0371528,0.0801031,0.125189,0.17154,0.218852,0.266946,0.31569,0.364973,0.414708,0.464824,0.515258,0.565954,0.61686,0.667916,0.719056,0.77018,0.821064,0.870931,0.917201,0.954408,0.978226,0.990617,0.996267,0.998615,0.999516,0.99984,0.999953,0.99998,1.00001,1.01334,-0.605165,-1,-1,-1,-1,-1,-1,-1,-1,-1,-1,-1,-1,-1,-1,-1,-1,-1,-1,-1,-0.25,0,0,0,0,0,0,0,0,0,0,0,0,0,0,0,0,0,0,0,0,0,0,0,0,0.379092
0,0,0,0,0,0,0,0,0,0,0,0,0,0,0,0,0,0,0,0,0,0,0,0,0.0369133,0.0795735,0.124341,0.170353,0.21731,0.265038,0.313406,0.362306,0.411653,0.461376,0.511413,0.561712,0.612219,0.66288,0.71363,0.764378,0.814936,0.864669,0.91139,0.950028,0.975663,0.989358,0.995711,0.99839,0.999431,0.99981,0.999943,0.999976,1,1.01051,-0.528319,-1,-1,-1,-1,-1,-1,-1,-1,-1,-1,-1,-1,-1,-1,-1,-1,-1,-1,-1,-0.25,0,0,0,0,0,0,0,0,0,0,0,0,0,0,0,0,0,0,0,0,0,0,0,0,0.382088
0,0,0,0,0,0,0,0,0,0,0,0,0,0,0,0,0,0,0,0,0,0,0,0,0.0366762,0.0790497,0.123502,0.169179,0.215786,0.263153,0.311149,0.359672,0.408635,0.45797,0.507617,0.557522,0.607637,0.657906,0.708269,0.758644,0.808869,0.858426,0.905479,0.945404,0.972862,0.987953,0.995082,0.998132,0.999333,0.999774,0.999932,0.999971,1,1.00828,-0.451863,-1,-1,-1,-1,-1,-1,-1,-1,-1,-1,-1,-1,-1,-1,-1,-1,-1,-1,-1,-0.25,0,0,0,0,0,0,0,0,0,0,0,0,0,0,0,0,0,0,0,0,0,0,0,0,0.385091
0,0,0,0,0,0,0,0,0,0,0,0,0,0,0,0,0,0,0,0,0,0,0,0,0.0364416,0.0785317,0.122673,0.16802,0.214282,0.261291,0.308922,0.357071,0.405656,0.454608,0.503869,0.553388,0.603114,0.652996,0.702978,0.752981,0.802869,0.852215,0.899494,0.940555,0.969815,0.98639,0.994371,0.997836,0.999219,0.999733,0.999919,0.999966,0.999996,1.00652,-0.375717,-1,-1,-1,-1,-1,-1,-1,-1,-1,-1,-1,-1,-1,-1,-1,-1,-1,-1,-1,-0.25,0,0,0,0,0,0,0,0,0,0,0,0,0,0,0,0,0,0,0,0,0,0,0,0,0.3881
0,0,0,0,0,0,0,0,0,0,0,0,0,0,0,0,0,0,0,0,0,0,0,0,0.0362097,0.0780197,0.121854,0.166875,0.212796,0.259453,0.306723,0.354505,0.402717,0.451292,0.500172,0.549308,0.598651,0.648152,0.697756,0.747391,0.796938,0.846047,0.893458,0.935501,0.966517,0.984655,0.993569,0.997498,0.999087,0.999684,0.999903,0.999961,0.999992,1.00513,-0.299814,-1,-1,-1,-1,-1,-1,-1,-1,-1,-1,-1,-1,-1,-1,-1,-1,-1,-1,-1,-0.25,0,0,0,0,0,0,0,0,0,0,0,0,0,0,0,0,0,0,0,0,0,0,0,0,0.391114
0,0,0,0,0,0,0,0,0,0,0,0,0,0,0,0,0,0,0,0,0,0,0,0,0.0359804,0.0775138,0.121046,0.165745,0.211329,0.25764,0.304554,0.351973,0.399817,0.44802,0.496525,0.545284,0.594249,0.643374,0.692604,0.741875,0.791079,0.839931,0.887392,0.930266,0.962966,0.982737,0.992667,0.997112,0.998934,0.999627,0.999884,0.999954,0.999988,1.00404,-0.224102,-1,-1,-1,-1,-1,-1,-1,-1,-1,-1,-1,-1,-1,-1,-1,-1,-1,-1,-1,-0.25,0,0,0,0,0,0,0,0,0,0,0,0,0,0,0,0,0,0,0,0,0,0,0,0,0.394131
0,0,0,0,0,0,0,0,0,0,0,0,0,0,0,0,0,0,0,0,0,0,0,0,0.0357537,0.077014,0.120247,0.164629,0.209882,0.25585,0.302414,0.349476,0.396957,0.444793,0.492929,0.541316,0.589909,0.638661,0.687523,0.736432,0.785294,0.833873,0.881317,0.924873,0.959162,0.980623,0.991656,0.996673,0.998759,0.99956,0.999862,0.999947,0.999983,1.00317,-0.148542,-1,-1,-1,-1,-1,-1,-1,-1,-1,-1,-1,-1,-1,-1,-1,-1,-1,-1,-1,-0.25,0,0,0,0,0,0,0,0,0,0,0,0,0,0,0,0,0,0,0,0,0,0,0,0,0.39715
0,0,0,0,0,0,0,0,0,0,0,0,0,0,0,0,0,0,0,0,0,0,0,0,0.0355297,0.0765204,0.119459,0.163527,0.208454,0.254085,0.300303,0.347012,0.394137,0.441611,0.489383,0.537403,0.585629,0.634015,0.682513,0.731064,0.779585,0.827877,0.875247,0.919349,0.955113,0.978301,0.990524,0.996175,0.998557,0.999483,0.999835,0.999938,0.999978,1.0025,-0.0731006,-1,-1,-1,-1,-1,-1,-1,-1,-1,-1,-1,-1,-1,-1,-1,-1,-1,-1,-1,-0.25,0,0,0,0,0,0,0,0,0,0,0,0,0,0,0,0,0,0,0,0,0,0,0,0,0.400173
0,0,0,0,0,0,0,0,0,0,0,0,0,0,0,0,0,0,0,0,0,0,0,0,0.0353084,0.0760329,0.11868,0.16244,0.207045,0.252343,0.29822,0.344583,0.391355,0.438474,0.485886,0.533545,0.581409,0.629433,0.677572,0.72577,0.77395,0.821948,0.869196,0.913718,0.950826,0.975761,0.989261,0.99561,0.998325,0.999393,0.999804,0.999928,0.999973,1.00196,0.00224706,-1,-1,-1,-1,-1,-1,-1,-1,-1,-1,-1,-1,-1,-1,-1,-1,-1,-1,-1,-0.25,0,0,0,0,0,0,0,0,0,0,0,0,0,0,0,0,0,0,0,0,0,0,0,0,0.403196
0,0,0,0,0,0,0,0,0,0,0,0,0,0,0,0,0,0,0,0,0,0,0,0,0.0350898,0.0755514,0.117912,0.161368,0.205655,0.250626,0.296167,0.342188,0.388613,0.435381,0.482439,0.529742,0.577248,0.624916,0.6727,0.720549,0.768391,0.816087,0.863177,0.908005,0.946316,0.972993,0.987855,0.994972,0.99806,0.99929,0.999767,0.999916,0.999966,1.00154,0.077521,-1,-1,-1,-1,-1,-1,-1,-1,-1,-1,-1,-1,-1,-1,-1,-1,-1,-1,-1,-0.25,0,0,0,0,0,0,0,0,0,0,0,0,0,0,0,0,0,0,0,0,0,0,0,0,0.406222
0,0,0,0,0,0,0,0,0,0,0,0,0,0,0,0,0,0,0,0,0,0,0,0,0.0348737,0.0750758,0.117153,0.160309,0.204284,0.248931,0.294142,0.339825,0.385909,0.432331,0.47904,0.525992,0.573147,0.620463,0.667897,0.7154,0.762907,0.810298,0.857197,0.902232,0.941599,0.969991,0.986295,0.994254,0.997757,0.99917,0.999724,0.999902,0.999959,1.00121,0.152737,-1,-1,-1,-1,-1,-1,-1,-1,-1,-1,-1,-1,-1,-1,-1,-1,-1,-1,-1,-0.25,0,0,0,0,0,0,0,0,0,0,0,0,0,0,0,0,0,0,0,0,0,0,0,0,0.409248
0,0,0,0,0,0,0,0,0,0,0,0,0,0,0,0,0,0,0,0,0,0,0,0,0.0346602,0.0746063,0.116404,0.159265,0.202931,0.24726,0.292144,0.337496,0.383242,0.429323,0.475689,0.522295,0.569103,0.616072,0.663161,0.710323,0.757497,0.80458,0.851265,0.89642,0.936696,0.966749,0.984568,0.993445,0.997412,0.999031,0.999673,0.999885,0.999951,1.00094,0.227907,-1,-1,-1,-1,-1,-1,-1,-1,-1,-1,-1,-1,-1,-1,-1,-1,-1,-1,-1,-0.25,0,0,0,0,0,0,0,0,0,0,0,0,0,0,0,0,0,0,0,0,0,0,0,0,0.412275
0,0,0,0,0,0,0,0,0,0,0,0,0,0,0,0,0,0,0,0,0,0,0,0,0.0344493,0.0741425,0.115665,0.158234,0.201596,0.245611,0.290174,0.335199,0.380613,0.426358,0.472385,0.518651,0.565116,0.611743,0.658491,0.705316,0.752161,0.798934,0.845386,0.890587,0.931627,0.963268,0.982664,0.992538,0.99702,0.998872,0.999614,0.999866,0.999942,1.00074,0.303042,-1,-1,-1,-1,-1,-1,-1,-1,-1,-1,-1,-1,-1,-1,-1,-1,-1,-1,-1,-0.25,0,0,0,0,0,0,0,0,0,0,0,0,0,0,0,0,0,0,0,0,0,0,0,0,0.415303
0,0,0,0,0,0,0,0,0,0,0,0,0,0,0,0,0,0,0,0,0,0,0,0,0.034241,0.0736845,0.114935,0.157216,0.200279,0.243985,0.288231,0.332933,0.37802,0.423434,0.469127,0.515057,0.561185,0.607474,0.653887,0.700379,0.746897,0.793362,0.839565,0.88475,0.926416,0.959548,0.980569,0.991523,0.996574,0.99869,0.999545,0.999844,0.99993,1.00057,0.378148,-1,-1,-1,-1,-1,-1,-1,-1,-1,-1,-1,-1,-1,-1,-1,-1,-1,-1,-1,-0.25,0,0,0,0,0,0,0,0,0,0,0,0,0,0,0,0,0,0,0,0,0,0,0,0,0.418331
0,0,0,0,0,0,0,0,0,0,0,0,0,0,0,0,0,0,0,0,0,0,0,0,0.0340351,0.0732322,0.114215,0.156212,0.198979,0.24238,0.286314,0.330698,0.375463,0.420551,0.465915,0.511513,0.557309,0.603266,0.649347,0.69551,0.741705,0.787861,0.833806,0.878922,0.921086,0.955595,0.978272,0.990389,0.99607,0.998481,0.999465,0.999817,0.999917,1.00044,0.453233,-1,-1,-1,-1,-1,-1,-1,-1,-1,-1,-1,-1,-1,-1,-1,-1,-1,-1,-1,-0.25,0,0,0,0,0,0,0,0,0,0,0,0,0,0,0,0,0,0,0,0,0,0,0,0,0.42136
0,0,0,0,0,0,0,0,0,0,0,0,0,0,0,0,0,0,0,0,0,0,0,0,0.0338317,0.0727854,0.113504,0.155221,0.197697,0.240797,0.284424,0.328494,0.372941,0.417707,0.462747,0.508019,0.553487,0.599116,0.644869,0.690708,0.736584,0.782432,0.82811,0.873115,0.915661,0.951421,0.975765,0.989127,0.9955,0.998242,0.999371,0.999786,0.999902,1.00034,0.5283,-1,-1,-1,-1,-1,-1,-1,-1,-1,-1,-1,-1,-1,-1,-1,-1,-1,-1,-1,-0.25,0,0,0,0,0,0,0,0,0,0,0,0,0,0,0,0,0,0,0,0,0,0,0,0,0.424389
0,0,0,0,0,0,0,0,0,0,0,0,0,0,0,0,0,0,0,0,0,0,0,0,0.0336306,0.0723441,0.112801,0.154243,0.196431,0.239235,0.282558,0.32632,0.370453,0.414903,0.459622,0.504573,0.549717,0.595023,0.640454,0.685972,0.731532,0.777075,0.82248,0.867339,0.910163,0.947037,0.973039,0.987724,0.994857,0.997969,0.999263,0.99975,0.999884,1.00025,0.603354,-1,-1,-1,-1,-1,-1,-1,-1,-1,-1,-1,-1,-1,-1,-1,-1,-1,-1,-1,-0.25,0,0,0,0,0,0,0,0,0,0,0,0,0,0,0,0,0,0,0,0,0,0,0,0,0.427419
0,0,0,0,0,0,0,0,0,0,0,0,0,0,0,0,0,0,0,0,0,0,0,0,0.033432,0.0719082,0.112108,0.153278,0.195182,0.237694,0.280718,0.324175,0.367999,0.412136,0.456541,0.501174,0.546,0.590986,0.636099,0.6813,0.726549,0.771788,0.816916,0.861602,0.904612,0.942461,0.970088,0.986171,0.994134,0.997658,0.999139,0.999707,0.999863,1.00019,0.678397,-1,-1,-1,-1,-1,-1,-1,-1,-1,-1,-1,-1,-1,-1,-1,-1,-1,-1,-1,-0.25,0,0,0,0,0,0,0,0,0,0,0,0,0,0,0,0,0,0,0,0,0,0,0,0,0.430448
0,0,0,0,0,0,0,0,0,0,0,0,0,0,0,0,0,0,0,0,0,0,0,0,0.0332357,0.0714776,0.111423,0.152324,0.193949,0.236173,0.278902,0.322059,0.365578,0.409408,0.453501,0.497821,0.542333,0.587005,0.631803,0.676692,0.721632,0.766571,0.81142,0.85591,0.899026,0.937711,0.966907,0.984454,0.993322,0.997305,0.998995,0.999658,0.999839,1.00013,0.753433,-1,-1,-1,-1,-1,-1,-1,-1,-1,-1,-1,-1,-1,-1,-1,-1,-1,-1,-1,-0.25,0,0,0,0,0,0,0,0,0,0,0,0,0,0,0,0,0,0,0,0,0,0,0,0,0.433478
0,0,0,0,0,0,0,0,0,0,0,0,0,0,0,0,0,0,0,0,0,0,0,0,0.0330417,0.0710522,0.110746,0.151383,0.192732,0.234672,0.277111,0.319971,0.36319,0.406716,0.450503,0.494515,0.538717,0.583078,0.627566,0.672147,0.716781,0.761422,0.805991,0.850268,0.893424,0.932809,0.963497,0.982564,0.992413,0.996905,0.998829,0.9996,0.999811,1.00008,0.828463,-1,-1,-1,-1,-1,-1,-1,-1,-1,-1,-1,-1,-1,-1,-1,-1,-1,-1,-1,-0.25,0,0,0,0,0,0,0,0,0,0,0,0,0,0,0,0,0,0,0,0,0,0,0,0,0.436508
0,0,0,0,0,0,0,0,0,0,0,0,0,0,0,0,0,0,0,0,0,0,0,0,0.0328499,0.0706319,0.110078,0.150454,0.191531,0.233191,0.275342,0.317911,0.360834,0.40406,0.447545,0.491252,0.535149,0.579204,0.623386,0.667662,0.711996,0.756341,0.800629,0.844681,0.887819,0.927775,0.95986,0.980488,0.991397,0.996453,0.99864,0.999534,0.99978,1.00004,0.903487,-1,-1,-1,-1,-1,-1,-1,-1,-1,-1,-1,-1,-1,-1,-1,-1,-1,-1,-1,-0.25,0,0,0,0,0,0,0,0,0,0,0,0,0,0,0,0,0,0,0,0,0,0,0,0,0.439538
0,0,0,0,0,0,0,0,0,0,0,0,0,0,0,0,0,0,0,0,0,0,0,0,0.0326604,0.0702166,0.109419,0.149536,0.190345,0.231729,0.273597,0.315878,0.358509,0.401439,0.444627,0.488034,0.531629,0.575382,0.619262,0.663237,0.707273,0.751326,0.795334,0.83915,0.882224,0.922633,0.956004,0.978217,0.990265,0.995941,0.998422,0.999456,0.999745,1,0.978508,-1,-1,-1,-1,-1,-1,-1,-1,-1,-1,-1,-1,-1,-1,-1,-1,-1,-1,-1,-0.25,0,0,0,0,0,0,0,0,0,0,0,0,0,0,0,0,0,0,0,0,0,0,0,0,0.442569
0,0,0,0,0,0,0,0,0,0,0,0,0,0,0,0,0,0,0,0,0,0,0,0,0.032473,0.0698063,0.108767,0.14863,0.189175,0.230285,0.271875,0.313871,0.356214,0.398854,0.441747,0.484858,0.528156,0.571611,0.615193,0.658872,0.702613,0.746377,0.790106,0.833679,0.876649,0.917404,0.951938,0.975742,0.989006,0.995365,0.998174,0.999366,0.999706,0.999963,1.003,-0.949471,-1,-1,-1,-1,-1,-1,-1,-1,-1,-1,-1,-1,-1,-1,-1,-1,-1,-1,-0.25,0,0,0,0,0,0,0,0,0,0,0,0,0,0,0,0,0,0,0,0,0,0,0,0,0.445593
0,0,0,0,0,0,0,0,0,0,0,0,0,0,0,0,0,0,0,0,0,0,0,0,0.0322884,0.069402,0.108125,0.147738,0.188022,0.228865,0.27018,0.311897,0.353957,0.396309,0.438914,0.481734,0.524739,0.567901,0.61119,0.654576,0.698028,0.741506,0.784959,0.828284,0.87112,0.912124,0.947688,0.973063,0.987613,0.994719,0.997892,0.999262,0.999663,0.999925,1.00237,-0.874051,-1,-1,-1,-1,-1,-1,-1,-1,-1,-1,-1,-1,-1,-1,-1,-1,-1,-1,-0.25,0,0,0,0,0,0,0,0,0,0,0,0,0,0,0,0,0,0,0,0,0,0,0,0,0.448616
0,0,0,0,0,0,0,0,0,0,0,0,0,0,0,0,0,0,0,0,0,0,0,0,0.0321057,0.0690022,0.107491,0.146856,0.186883,0.227461,0.268505,0.309947,0.351727,0.393797,0.436116,0.478649,0.521366,0.564237,0.607237,0.650335,0.6935,0.736696,0.779874,0.822947,0.865624,0.906794,0.943256,0.970166,0.986072,0.993994,0.997572,0.999141,0.999615,0.999887,1.00187,-0.798716,-1,-1,-1,-1,-1,-1,-1,-1,-1,-1,-1,-1,-1,-1,-1,-1,-1,-1,-0.25,0,0,0,0,0,0,0,0,0,0,0,0,0,0,0,0,0,0,0,0,0,0,0,0,0.45164
0,0,0,0,0,0,0,0,0,0,0,0,0,0,0,0,0,0,0,0,0,0,0,0,0.031925,0.0686069,0.106863,0.145984,0.185758,0.226074,0.266851,0.308021,0.349525,0.391316,0.433353,0.475603,0.518034,0.56062,0.603334,0.646147,0.689029,0.731944,0.77485,0.81767,0.860167,0.901431,0.938661,0.967049,0.984371,0.993182,0.997208,0.999001,0.999561,0.999847,1.00146,-0.723449,-1,-1,-1,-1,-1,-1,-1,-1,-1,-1,-1,-1,-1,-1,-1,-1,-1,-1,-0.25,0,0,0,0,0,0,0,0,0,0,0,0,0,0,0,0,0,0,0,0,0,0,0,0,0.454665
0,0,0,0,0,0,0,0,0,0,0,0,0,0,0,0,0,0,0,0,0,0,0,0,0.0317463,0.068216,0.106243,0.145123,0.184646,0.224704,0.265218,0.306118,0.34735,0.388866,0.430625,0.472595,0.514745,0.557049,0.59948,0.642011,0.684613,0.727252,0.769887,0.812452,0.854755,0.896051,0.933923,0.963713,0.982499,0.992274,0.996797,0.998839,0.9995,0.999805,1.00114,-0.648234,-1,-1,-1,-1,-1,-1,-1,-1,-1,-1,-1,-1,-1,-1,-1,-1,-1,-1,-0.25,0,0,0,0,0,0,0,0,0,0,0,0,0,0,0,0,0,0,0,0,0,0,0,0,0.457692
0,0,0,0,0,0,0,0,0,0,0,0,0,0,0,0,0,0,0,0,0,0,0,0,0.0315695,0.0678294,0.10563,0.144272,0.183548,0.223351,0.263604,0.30424,0.345202,0.386446,0.427931,0.469625,0.511497,0.553522,0.595675,0.637928,0.680253,0.722619,0.764985,0.807295,0.84939,0.890668,0.929062,0.96016,0.980447,0.991261,0.996332,0.998653,0.99943,0.999759,1.00088,-0.573062,-1,-1,-1,-1,-1,-1,-1,-1,-1,-1,-1,-1,-1,-1,-1,-1,-1,-1,-0.25,0,0,0,0,0,0,0,0,0,0,0,0,0,0,0,0,0,0,0,0,0,0,0,0,0.460719
0,0,0,0,0,0,0,0,0,0,0,0,0,0,0,0,0,0,0,0,0,0,0,0,0.0313947,0.0674472,0.105024,0.143431,0.182462,0.222015,0.26201,0.302384,0.343081,0.384057,0.425271,0.466692,0.50829,0.55004,0.591917,0.633895,0.675947,0.718042,0.760143,0.802198,0.844078,0.885293,0.9241,0.956398,0.978204,0.990134,0.995808,0.998438,0.999352,0.999709,1.00066,-0.497922,-1,-1,-1,-1,-1,-1,-1,-1,-1,-1,-1,-1,-1,-1,-1,-1,-1,-1,-0.25,0,0,0,0,0,0,0,0,0,0,0,0,0,0,0,0,0,0,0,0,0,0,0,0,0.463747
0,0,0,0,0,0,0,0,0,0,0,0,0,0,0,0,0,0,0,0,0,0,0,0,0.0312217,0.0670693,0.104425,0.1426,0.18139,0.220694,0.260436,0.300551,0.340987,0.381697,0.422644,0.463796,0.505123,0.546602,0.588207,0.629914,0.671696,0.713523,0.75536,0.797161,0.838818,0.879937,0.919058,0.952437,0.975763,0.988883,0.995219,0.998192,0.999262,0.999655,1.00049,-0.422809,-1,-1,-1,-1,-1,-1,-1,-1,-1,-1,-1,-1,-1,-1,-1,-1,-1,-1,-0.25,0,0,0,0,0,0,0,0,0,0,0,0,0,0,0,0,0,0,0,0,0,0,0,0,0.466776
0,0,0,0,0,0,0,0,0,0,0,0,0,0,0,0,0,0,0,0,0,0,0,0,0.0310507,0.0666956,0.103833,0.141778,0.18033,0.219389,0.25888,0.298741,0.338918,0.379366,0.42005,0.460935,0.501996,0.543207,0.584543,0.625982,0.667497,0.709059,0.750636,0.792184,0.833614,0.874607,0.913954,0.948291,0.973115,0.987497,0.994559,0.99791,0.99916,0.999595,1.00034,-0.347716,-1,-1,-1,-1,-1,-1,-1,-1,-1,-1,-1,-1,-1,-1,-1,-1,-1,-1,-0.25,0,0,0,0,0,0,0,0,0,0,0,0,0,0,0,0,0,0,0,0,0,0,0,0,0.469805
0,0,0,0,0,0,0,0,0,0,0,0,0,0,0,0,0,0,0,0,0,0,0,0,0.0308814,0.0663261,0.103248,0.140966,0.179283,0.2181,0.257344,0.296952,0.336874,0.377065,0.417487,0.458111,0.498908,0.539854,0.580925,0.622099,0.66335,0.704651,0.74597,0.787266,0.828466,0.869311,0.908806,0.943976,0.970258,0.985966,0.993819,0.997588,0.999043,0.999529,1.00022,-0.27264,-1,-1,-1,-1,-1,-1,-1,-1,-1,-1,-1,-1,-1,-1,-1,-1,-1,-1,-0.25,0,0,0,0,0,0,0,0,0,0,0,0,0,0,0,0,0,0,0,0,0,0,0,0,0.472834
0,0,0,0,0,0,0,0,0,0,0,0,0,0,0,0,0,0,0,0,0,0,0,0,0.030714,0.0659606,0.102669,0.140164,0.178248,0.216826,0.255826,0.295186,0.334855,0.374791,0.414957,0.455321,0.495858,0.536543,0.577352,0.618264,0.659255,0.700297,0.74136,0.782407,0.823374,0.864053,0.90363,0.93951,0.967189,0.98428,0.992993,0.997222,0.998909,0.999457,1.00011,-0.197577,-1,-1,-1,-1,-1,-1,-1,-1,-1,-1,-1,-1,-1,-1,-1,-1,-1,-1,-0.25,0,0,0,0,0,0,0,0,0,0,0,0,0,0,0,0,0,0,0,0,0,0,0,0,0.475864
0,0,0,0,0,0,0,0,0,0,0,0,0,0,0,0,0,0,0,0,0,0,0,0,0.0305484,0.0655992,0.102097,0.13937,0.177226,0.215568,0.254326,0.293441,0.332861,0.372546,0.412457,0.452566,0.492846,0.533272,0.573823,0.614477,0.65521,0.695996,0.736807,0.777606,0.818339,0.858838,0.898441,0.934911,0.963909,0.982427,0.992073,0.996806,0.998755,0.999378,1.00001,-0.122524,-1,-1,-1,-1,-1,-1,-1,-1,-1,-1,-1,-1,-1,-1,-1,-1,-1,-1,-0.25,0,0,0,0,0,0,0,0,0,0,0,0,0,0,0,0,0,0,0,0,0,0,0,0,0.478894
0,0,0,0,0,0,0,0,0,0,0,0,0,0,0,0,0,0,0,0,0,0,0,0,0.0303846,0.0652418,0.101532,0.138586,0.176215,0.214324,0.252844,0.291716,0.330891,0.370327,0.409988,0.449845,0.48987,0.530042,0.570338,0.610736,0.651214,0.691748,0.732308,0.772863,0.813361,0.853669,0.89325,0.9302,0.960423,0.980397,0.99105,0.996335,0.998577,0.999292,0.999913,-0.0474795,-1,-1,-1,-1,-1,-1,-1,-1,-1,-1,-1,-1,-1,-1,-1,-1,-1,-1,-0.25,0,0,0,0,0,0,0,0,0,0,0,0,0,0,0,0,0,0,0,0,0,0,0,0,0.481925
0,0,0,0,0,0,0,0,0,0,0,0,0,0,0,0,0,0,0,0,0,0,0,0,0.0302225,0.0648882,0.100972,0.137811,0.175216,0.213095,0.25138,0.290013,0.328945,0.368136,0.407549,0.447157,0.486932,0.526852,0.566895,0.607041,0.647268,0.687551,0.727864,0.768175,0.808441,0.848549,0.88807,0.925396,0.956738,0.978183,0.989914,0.995803,0.998374,0.999197,0.999823,0.0275511,-1,-1,-1,-1,-1,-1,-1,-1,-1,-1,-1,-1,-1,-1,-1,-1,-1,-1,-0.25,0,0,0,0,0,0,0,0,0,0,0,0,0,0,0,0,0,0,0,0,0,0,0,0,0.484955
0,0,0,0,0,0,0,0,0,0,0,0,0,0,0,0,0,0,0,0,0,0,0,0,0.0300622,0.0645386,0.100419,0.137045,0.174229,0.21188,0.249933,0.28833,0.327022,0.365971,0.40514,0.444501,0.484029,0.5237,0.563494,0.603391,0.643369,0.683406,0.723474,0.763544,0.803577,0.843479,0.882908,0.920519,0.952865,0.975775,0.988658,0.995203,0.99814,0.999093,0.999735,0.102569,-1,-1,-1,-1,-1,-1,-1,-1,-1,-1,-1,-1,-1,-1,-1,-1,-1,-1,-0.25,0,0,0,0,0,0,0,0,0,0,0,0,0,0,0,0,0,0,0,0,0,0,0,0,0.487985
0,0,0,0,0,0,0,0,0,0,0,0,0,0,0,0,0,0,0,0,0,0,0,0,0.0299035,0.0641927,0.0998725,0.136287,0.173253,0.21068,0.248503,0.286666,0.325123,0.363832,0.40276,0.441878,0.481161,0.520587,0.560135,0.599786,0.639518,0.67931,0.719136,0.758968,0.798769,0.838462,0.877772,0.915588,0.948819,0.973168,0.98727,0.994531,0.997872,0.998978,0.999645,0.177575,-1,-1,-1,-1,-1,-1,-1,-1,-1,-1,-1,-1,-1,-1,-1,-1,-1,-1,-0.25,0,0,0,0,0,0,0,0,0,0,0,0,0,0,0,0,0,0,0,0,0,0,0,0,0.491016
0,0,0,0,0,0,0,0,0,0,0,0,0,0,0,0,0,0,0,0,0,0,0,0,0.0297465,0.0638506,0.0993317,0.135538,0.172288,0.209493,0.24709,0.285023,0.323246,0.361719,0.400408,0.439286,0.478328,0.517511,0.556817,0.596224,0.635714,0.675264,0.714851,0.754446,0.794017,0.833497,0.872669,0.910617,0.944614,0.970358,0.985741,0.993777,0.997565,0.998849,0.999553,0.252569,-1,-1,-1,-1,-1,-1,-1,-1,-1,-1,-1,-1,-1,-1,-1,-1,-1,-1,-0.25,0,0,0,0,0,0,0,0,0,0,0,0,0,0,0,0,0,0,0,0,0,0,0,0,0.494046
0,0,0,0,0,0,0,0,0,0,0,0,0,0,0,0,0,0,0,0,0,0,0,0,0.0295912,0.0635122,0.0987969,0.134798,0.171334,0.208321,0.245693,0.283399,0.321391,0.35963,0.398085,0.436725,0.475529,0.514473,0.553538,0.592705,0.631955,0.671266,0.710616,0.749978,0.789319,0.828586,0.867602,0.905622,0.940268,0.967344,0.984061,0.992936,0.997213,0.998706,0.999457,0.327552,-1,-1,-1,-1,-1,-1,-1,-1,-1,-1,-1,-1,-1,-1,-1,-1,-1,-1,-0.25,0,0,0,0,0,0,0,0,0,0,0,0,0,0,0,0,0,0,0,0,0,0,0,0,0.497076
0,0,0,0,0,0,0,0,0,0,0,0,0,0,0,0,0,0,0,0,0,0,0,0,0.0294375,0.0631774,0.0982679,0.134065,0.170391,0.207161,0.244313,0.281794,0.319558,0.357567,0.395788,0.434195,0.472763,0.51147,0.550298,0.589228,0.628241,0.667316,0.706431,0.745561,0.784676,0.823728,0.862576,0.900616,0.935799,0.964127,0.982221,0.991998,0.996812,0.998545,0.999354,0.402524,-1,-1,-1,-1,-1,-1,-1,-1,-1,-1,-1,-1,-1,-1,-1,-1,-1,-1,-0.25,0,0,0,0,0,0,0,0,0,0,0,0,0,0,0,0,0,0,0,0,0,0,0,0,0.500107
